"","x"
"1"," 동아닷컴 사진 유튜버 새벽 청와대 비서실 명의로 된 화환을 받았다며 인스타그램에 인증샷을 게재한 뷰티 유튜버 새벽 이 일 그런 종류 명의 의 화환을 보내지 않는다 는 청와대의 설명이 나오자 논란이 되었던 부분은 모두 반성하고 있다 면서 거듭 사과했다 새벽은 이날 자신의 인스타그램에 불미스러운 일이 생겨 다시 한 번 사과드린다 면서 청와대 화환 논란을 다시 한 번 언급했다 새벽은 논란이 일어난 경위에 대해 월 일 월요일 마스크팩 제작업체 대표님과 함께 있었던 사무실에 청와대 비서실 이라고 적힌 해당 꽃바구니가 도착했다 면서 신기한 마음에 사진을 찍었고 인스타그램 업로드에 대해서는 저 역시도 조심스러운 부분이라 생각해서 별도의 허락을 구하고 확인을 받았다 고 설명했다 화환을 받은 당사자 업체 대표 에게 올려도 좋다는 허락을 받았다는 주장 이어 후에 저도 알고 보니 청와대가 공식적으로 보낸 게 아닌 청와대 직원 분 가족 개인이 발송한 꽃바구니였으며 구매하는 과정에서 개인 카드로 결제했다고 한다 꽃바구니에 해당 직원명을 안 적은 것은 명백한 잘못이라고 인정했으며 저 역시 허락을 받았다고 해도 다시 한 번 꼼꼼하게 확인하고 신중을 기했어야 했는데 그러지 못한 점에 대해 사과드린다 고 덧붙였다 그러면서 위 내용은 모두 사실이며 논란이 되었던 부분은 모두 반성하고 있다 며 이런 불미스러운 일이 더 이상 일어나지 않도록 신중해지도록 하겠다 죄송하다 고 거듭 사과했다 앞서 일 새벽은 자신의 인스타그램에 청와대 비서실 이라는 문구가 달린 화환을 안고 있는 사진을 공개했다 새벽은 청와대 직원분이나 가족 분들이 개인적인 경조사를 맞이하게 되면 청와대 측에서 이러한 화환이나 선물로 축하를 해주시는 게 관례라고 한다 그래서 마스크팩 론칭을 축하하며 이렇게 보내주신 것 이라고 주장했다 새벽은 한 브랜드 마스크팩 제작 기획에 참여했다 그러나 일부 누리꾼들은 청와대가 개인 사업자에게 화환을 보냈을 리 없다고 지적하며 진위 여부에 물음표를 달았다 이후 새벽은 일 인스타그램에 엄밀히 말하면 회사 개업식과 동일시되는 마스크팩 브랜드의 런칭 축하를 목적으로 청와대 직원 가족인 제 앞으로 화환이 오게 됐고 직원들과 즐거운 시간을 보내다가 찍은 사진 이라는 마스크팩 업체 대표로 추정되는 누리꾼의 글을 공유하며 어제 제가 올렸던 청와대 출처의 꽃바구니에 대한 설명이 부족하여 오해를 불러일으키게 된 점 사과드린다 해당 꽃바구니는 대표님과 함께 있었던 저희 사무실로 도착했고 신기하고 감사한 마음에 허락을 받은 후 사진을 찍었다 고 사과했다 새벽의 해명에도 논란이 계속되자 김의겸 청와대 대변인은 일 브리핑을 통해 청와대에서는 그런 명의 청와대 비서실 의 화환을 보내지 않는다 면서 화환이나 꽃다발 같은 경우 대통령 문재인이나 또는 청와대 비서실장 임종석 이 두 가지 명의만 꽃다발이나 화환에 사용한다 고 설명했다 정봉오 동아닷컴 기자 동아일보 단독 동아일보 공식 페이스북 핫한 경제 이슈와 재테크 방법 총집결 클릭 ⓒ 동아일보 무단 전재 및 재배포 금지 "
"2"," 서울신문 헌재 양심적 병역거부 처벌 관련 판결 이진성 헌법재판소장을 비롯한 헌법재판관들이 일 오후 서울 종로구 헌법재판소 대심판정에서 양심적 병역거부 허용 여부 선고를 하기 위해 자리에 앉아 있다 헌재는 양심적 병역거부 처벌에 대해서는 합헌 대체 복무제가 없는 병역법은 헌법불합치 판결을 내렸다   병역거부자가 양심적이면 군대에 가는 사람은 비양심인가요 종교와 양심을 이유로 병역을 거부한 이들을 위한 대체복무를 정하지 않은 병역법 조항은 헌법에 어긋난다는 헌법재판소 결정이 일 나오며 양심적 병역거부자 용어가 적절한지 논란이 재점화됐다 청와대 국민청원엔 이날 양심적 병역거부 용어를 바꿔주세요 란 제목으로 병역의 의무를 다하는 젊은이들은 비양심적이란 말인가요 라는 내용의 주장이 올라왔다 헌재는 이날 결정문을 통해 이같은 의문에 대해 응답했다 헌재는 일상생활에서 양심적 병역거부라는 말은 병역거부가 양심적 즉 도덕적이고 정당하다는 것을 가리킴으로써 그 반면으로 병역의무를 이행하는 사람은 비양심적 이거나 비도덕적 인 사람으로 치부하게 될 여지가 있다 고 인정했다 헌재는 또 하지만 헌법상 양심형성의 자유는 내심에 머무르는 한 절대적으로 보호되는 기본권이라 할 수 있다 면서 이 때 양심적 병역거부는 양심을 이유로 한 병역거부를 가리키는 것일 뿐이지 병역거부가 도덕적이고 정당하다는 의미는 아닌 것 이라고 설명했다 헌재는 양심적 병역거부라는 용어를 사용한다고 하여 병역의무이행은 비양심적이 된다거나 병역을 이행하는 거의 대부분의 병역의무자들과 병역의무이행이 국민의 숭고한 의무라고 생각하는 대다수 국민들이 비양심적인 사람들이 되는 것은 결코 아니다 라고 단언했다 이어 양심적 병역거부자들은 병역의무를 단순히 거부하는 것이 아니라 자신의 양심을 지키면서도 국민으로서 국방의 의무를 다할 수 있도록 집총 등 군사훈련을 수반하는 병역의무를 대신하는 제도를 마련해 달라고 국가에 호소하고 있다 며 양심적 병역거부자와 병역기피자 사이의 차이를 설명했다 류재민 기자 재미있는 세상   인기 무료만화 페이스북 ⓒ 서울신문 무단전재 및 재배포금지 "
"3"," 경향신문 사진기자들이 오늘 한국의 사건사고 이슈 현장을 포착한 보도사진 경향이 찍은 오늘 월 일입니다 ■ 평화가 이겼다 일 오후 서울 종로구 헌법재판소 앞에서 열린 기자회견에서 참가자들이 헌재의 양심적 병역거부 와 관련한 판결과 대체 복무제 마련을 촉구하는 구호를 외치고 있다 헌재는 양심적 병역거부 처벌에 대해서는 합헌 대체 복무제가 없는 병역법은 헌법불합치 판결을 내렸다 권도현 기자 양심적 병역거부자 들을 위한 대체복무제를 적시하지 않은 병역법 제 조가 헌법에 어긋난다는 헌법재판소 결정이 나왔습니다 국회는 내년 월 일까지 대체복무제를 도입하는 방향으로 이 조항을 개정해야 합니다 ■ 드루킹 특검 첫 강제수사 댓글조작 의혹 관련 드루킹 김모씨가 조사를 받기 위해 일 오후 서울 서초구 특검 사무실로 출석하고 있다 이준헌 기자 드루킹 댓글조작 사건 을 수사 중인 허익범 특별검사팀이 첫 강제수사를 벌였습니다 특검팀은 드루킹 김모씨 등이 수감된 서울구치소 수감실과 이 사건의 변호인 명의 사무실을 압수수색했습니다 ■ 조양호 회장 검찰청에 수백억 원대 상속세 탈루 등 비리 의혹을 받는 조양호 한진그룹 회장이 일 서울 남부지검으로 출석하고있다 이준헌 기자 수백억 원대 상속세 탈루 및 횡령 배임 등 비리 의혹을 받는 조양호 한진그룹 회장이 일 검찰 조사를 받았습니다 조 회장은 부친인 조중훈 전 회장의 외국 보유 자산을 물려받는 과정에서 수백억 원의 상속세를 납부하지 않은 혐의를 받습니다 또 일감 몰아주기로 인한 횡령 혐의와 대한항공 기내 면세품 납품 과정에서 부당이득을 챙긴 혐의도 있습니다 ■ 사법 적폐 청산 양승태 사법농단 대응을 위한 시국회의 참가자들이 일 서울 정동 프란치스코 교육회관에서 시국선언 기자회견을 열고 사법농단 관련 공동대응 계획을 발표하고 있다 강윤중 기자노동 종교 학계 단체들이 양승태 사법부의 사법 농단에 대한 진상규명과 책임자 처벌을 촉구했습니다 이들은 검찰 수사가 시작됐지만 대법원의 비협조로 수사는 더디게 진행되고 있다 며 피해자들에 대한 피해 복구 논의는 시작도 못 했다 고 밝혔습니다 ■ 비정규직 없는 철도의 날 올까 철도의 날 기념식이 열린 일 서울 종로구 세종문화회관 앞에서 철도노조 조합원들이 비정규직 철폐를 요구하는 손팻말을 들고 구호를 외치고 있다 권도현 기자 일 철도의 날 기념식이 열렸습니다 지난해까지 철도의 날 행사는 월 일에 열렸는데요 월 일은 일제 잔재가 짙은 까닭에 올해부터 월 일로 바뀌었습니다 일제 잔재를 없애는 노력은 하고 있는데 해고 승무원 문제는 언제 해결될까요 ■ 정말 고생했어요 축구대표팀 손흥민이 일 오후 현지시간 러시아 카잔 아레나에서 열린 러시아월드컵 조 최종전 독일과의 경기에서 으로 승리한 뒤 신태용 감독과 포옹하며 눈물을 쏟아내고 있다 김창길 기자선수들에게 박수를 보냅니다 곽희양 기자 경향신문 트위터 페이스북 인기 무료만화 보기 경향신문 무단전재 및 재배포 금지"
"4"," 통신비밀보호법 조 조 헌법불합치 판결이진성 헌법재판소장을 비롯한 헌법재판관들이 일 오후 서울 종로구 헌법재판소 대심판정에 입장하고 있다 헌재는 이날 양심적 병역거부 와 관련한 위헌법률 심판 건과 헌법소원 건을 판결한다 또 휴대전화 발신위치를 추적하는 실시간 위치추적 과 특정 기지국을 거쳐 이뤄진 통신자료를 수집하는 기지국 수사 가 위헌인지도 결정한다 출처   서울경제 수사기관이 법원의 허가를 얻어 휴대전화 발신위치를 추적하는 실시간 위치추적 과 특정 기지국을 거쳐 이뤄진 통신자료를 대거 수집해 수사에 활용하는 기지국 수사 가 헌법에 어긋난다는 결정이 나왔다 헌법재판소는 일 송경동 시인과 김모 기자 등 명이 통신비밀보호법 조와 조가 통신비밀자유를 침해한다며 낸 헌법소원 사건에서 헌법불합치 결정했다 헌법불합치란 해당 법률이 사실상 위헌이기는 하지만 단순위헌 결정 시 발생하는 법의 공백과 사회적 혼란을 피하기 위해 법을 개정할 때까지 한시적으로 그 법을 존속시키는 결정이다 통신비밀보호법 조는 수사기관이 법원의 허가를 받아 확인할 수 있는 통신사실 확인자료 에 정보통신망에 접속한 정보통신기기의 위치를 확인할 수 있는 발신기지국의 위치추적 자료를 포함하는데 언제 어디서 휴대전화로 통화했는지가 이 자료에 구체적으로 담겨 있다 통신비밀보호법 조는 용의자를 특정하기 힘든 범죄나 동일 사건을 두고 여러 지역에서 단서가 나왔을 때 각각의 지역에 속한 이동통신 기지국에서 발신된 전화번호 등을 추적해 수사망을 좁혀 들어가는 기지국 수사 의 법적 근거다 한진중공업 정리해고 사태 해결을 요구하는 희망버스 행사를 준비하던 송 시인은 년 경찰이 법원으로부터 통신사실 확인자료 제공요청 허가서 를 발부받아 자신의 휴대전화 송수신 위치를 실시간으로 추적했다는 사실을 확인했다 김모 기자는 검찰이 년 월 민주통합당 당 대표 예비경선 과정의 금품 살포 의혹을 수사하면서 예비경선장 근처의 기지국을 통해 자신의 통신내용을 확인한 사실을 알고서 헌법소원을 냈다 권혁준인턴기자 서울경제 바로가기 이제 주식시세도 서울경제에서 확인하세요 바로가기 블록체인의 모든 것 서울경제 바로가기 저작권자 ⓒ 서울경제 무단 전재 및 재배포 금지 "
"5"," 머니투데이 오세중 기자 대학교육협의회 하계 총장 세미나 개최 대학 재정 심각성 공유와 함께 정부 지원 확대 강조 일 서울 서초구 양재동 더케이호텔에서 한국대학교육협의회 년 정기총회가 열리고 있다 이날 총회에는 전국 개 년제 대학 중 개교 총장이 참석 년도 실적 및 년도 사업계획을 심의 의결하고 국립대 사립대총장협의회는 총회에 앞서 임시회의를 열고 대정부 정책 건의사항 등을 논의했다 사진 뉴스 전국 대학 총장들이 한 목소리로 대학 재정 문제의 심각성을 호소하며 정부 차원의 지원이 필요하다고 입을 모았다 한국대학교육협의회는 일 이틀간 일정으로 강원 강릉시 세인트존스호텔에서 개 년제 대학 총장이 참석하는 하계 대학 총장 세미나를 열었다 미래사회와 고등교육 이라는 주제로 첫 발표에 나선 김창수 대교협 고등교육미래위원회 위원장 중앙대 총장 은 정부가 대학의 재정지원에 대한 직간접적인 규제로 자율성을 제한하면서 재정의 압박을 받는 상황 이라면서 등록금 인상 상한제와 국가장학금 유형에 따른 등록금 동결<U+2219>인하와 교내장학금 확대 등 대학등록금 부담 완화 정책 대학평가에 기반한 재정지원은 자율성이 제한되면서 대학의 책무성만을 강조하고 있다 고 지적했다 김 위원장은 최근 대학의 재정적자 문제를 볼 때 지난해 결산보고를 받으면서 정말 심각하다고 느꼈다 며 대교협을 중심으로 이런 수치를 바탕으로 고등교육재정을 늘리는 방법을 고민해봐야 한다 고 강조했다 고등교육미래위는 또 대학교육의 공공적 가치 에 대해 사립대학이 에 이르는 고등교육의 구조에서 정부의 낮은 수준의 재정투자는 우리나라 대학경쟁력을 낮은 수준에서 답보하게 할 뿐만 아니라 국가경쟁력도 동반 하락하게 한다 면서 사학의 높은 등록금 의존율에도 불구하고 년간 지속된 등록금 동결<U+2219>인하로 고등교육에 대한 재정투자의 감소는 국제경쟁력 순위의 하락에 영향을 미쳤다 고 평가했다 고등교육미래위에 따르면 올해 교육분야 예산은 지난해 대비 늘어난 규모로 유<U+2219>초<U+2219>중등교육 예산은 년 대비 증액돼 전체 교육분야 예산 중 비중이 <U+02BC> 에서 <U+02BC> 로 증가했다 그러나 고등교육 예산은 지난 해 대비 불과 증가했고 전체 교육예산에서의 비중이 <U+02BC> 에서 <U+02BC> 로 오히려 감소했다 특히 우리나라의 년 기준 학생 인당 공교육비는 초<U+2219>중등교육은 평균을 상회한 반면 고등교육은 감소추세로 평균의 에 불과한 매우 낮은 수준 이라면서 우리나라 고등교육재정의 정부투자 수준도 학생 인당 공교육비의 정부부담 공공재원의 경우 초<U+2219>중등교육은 평균을 상회했지만 고등교육은 평균의 수준으로 우리나라 초 <U+2219> 중등 교육단계 대비 수준 이라고 지적했다 김 위원장은 이 같은 상황과 관련 고등교육의 공교육비 수준 도 매우 낮아 중고등학교보다 못한 대학교육이라는 말이 나온다 고 꼬집었다 고등교육미래위는 이런 각 대학의 재정 심각성에 대해 고등교육에 대한 재정지원의 법적 근거가 미약하고 강제성이 부족해 적극적인 지원이 이뤄지지 않고 있는 것 이라며 고등교육에 대한 재정지원의 명확하고 구체적인 법적 근거가 마련되고 이에 기반해 재정지원이 이뤄질 때 국가장학금 Ⅱ유형 등과 같은 대학 규제적 장치 없이도 대학등록금 부담 완화를 위한 대학의 실질적인 실행들이 가능할 것 이라고 진단했다 더 많은 머니투데이 기사보기 실시간 급상승 기사 리포트 가 새로 발행되었습니다 오세중 기자 "
"6"," 대부분 종교적 이유로 거부 신념에 따른 거부자도종교 간 차별논란도 없을 전망 양심적 병역거부 위헌 여부 판결 선고가 있는 일 오전 청구인 차진화씨가 헌법재판소를 바라보고 있다 경남 김해에 거주 중인 차씨는 선고방청을 위해 새벽 시 분 서울 종로구 재동 헌법재판소 앞에 가장 먼저 도착했다 황덕현 기자 서울 뉴스 민선희 기자 김민성 기자 헌법재판소가 일 종교나 양심을 이유로 군복무를 거부한 이들을 위한 대체복무를 정하지 않은 병역법은 헌법에 어긋난다고 판단했다 이번 선고로 이른바 양심적 병역거부자들이 대체복무를 통해 병역의 의무를 대신할 수 있는 토대가 마련됐다 우리나라에서는 매년 명의 젊은이들이 신념을 위해 병역을 거부하고 감옥에 들어간다 병무청에 따르면 지난 년부터 올해 월 일까지 입영 집총 거부자는 총 명으로 집계됐다 거부자 명 중 명이 징역형 명이 집행유예 명이 기소유예 처분을 받았다 나머지 명에 대해서는 재판이 진행되고 있다 신념에 따라 병역 집총을 거부하고 스스로 형벌을 감수하는 사람들을 양심적 병역거부자 라고 하는데 이들이 이렇게까지 하는 이유는 주로 종교적 동기나 정치 윤리 철학적 이유 때문이다 ◇ 양심적 병역거부자 대부분 여호와의 증인 신도병무청에 따르면 지난 년부터 올해 월 일까지 입영 집총 거부자 명 중 명 이 여호와의 증인 신도다 여호와의 증인은 미국에서 시작된 개신교계열의 한 종파로 공식이름은 워치타워성서책자협회 다 여호와의 증인이 우리나라에 들어온 때는 년이며 신도는 만명 정도로 추정된다 여호와의 증인 신도들이 병역을 거부하는 이유는 살생을 금하고 원수를 사랑하라 는 교리 때문이다 지난 년 양심적 병역거부 선언을 한 백종현씨 는 어머니의 권유로 성경공부를 하다가 여호와의 증인 신도가 됐다 다른 신도들과 마찬가지로 백씨 역시 병무청의 고발로 재판에 넘겨졌으며 현재 대법원에서 해당 재판이 진행 중이다 백씨는 수감을 각오하고 병역거부 선언을 하기는 했지만 수감되고 나서 가족들이 마음 고생을 할까 고민한 게 사실 이라며 이번 헌재 선고로 수감되지 않을 수도 있다는 생각이 들어 기쁘다 고 밝혔다 ◇ 정치 윤리 철학적 이유로 병역을 거부하기도정치 윤리 철학적 이유로 병역을 거부하는 사람들도 있다 병무청에 따르면 지난 년부터 올해 월 일까지 종교적 이유가 아닌 기타 신념 에 따른 거부자는 명이었다 그러나 시민단체 전쟁없는 세상의 이용석씨는 단체에서 파악하기로는 기타 신념에 따른 거부자는 명 정도 라며 병무청에서는 이들을 단순한 병역기피로 보는 경우가 있기 때문에 수치에 차이가 있다 고 설명했다 이씨는 기타 신념에 따른 거부자들의 사연은 다 다르다 며 천주교 불교 무속 등 종교도 다양하고 하는 일도 농부 택배노동자 연구자 프로그래머 등 제각각 이라고 말했다 스스로 병역 거부자이기도 한 이씨는 종교가 없지만 대학교에서 학생운동을 하면서 평화와 폭력에 대한 고민을 통해 병역 거부의 뜻을 갖게됐다 이씨 역시 수감됐으며 년 월 말 출소했다 헌재 판단과 관련해 이씨는 출소하고나서 년이나 걸릴 줄 몰랐다 면서도 환영한다 고 밝혔다 이어 그는 그러나 문제가 아직 해결된 것은 아니다 라며 국회에서 대체복무제 입법을 서둘러 대체복무제가 합리적이고 인권친화적인 방식으로 자리잡기를 희망한다 고 덧붙였다 ◇ 종교 간 차별 논란은 없을 듯 종교계 각 종파별 대체 방안 마련 그간 종교별로 양심적 병역거부와 대체복무에 대한 의견 차이는 있었지만 종교계는 공식적 입장을 내지 않았다 앞으로도 특정종교만 병역 거부 혜택을 받는다는 논란도 일어나지 않을 전망이다 특히 스님들의 상당수가 병역의무를 마친 상태에서 출가를 하고 재가신도들도 여호와의 증인 신도들처럼 적극적인 병역거부로 이어지는 사례가 많지 않아 양심적 병역거부가 불교계의 주된 관심사는 아니었다 한 종교계 관계자는 종교마다 상황이 다르기 때문에 헌재의 대체복무 조항 없는 병역법 헌법불합치 결정 이후 내부 논의가 활발해질 것 이라며 기독교 불교 등 종교마다 모두 대체 방안을 제시할 것 이라고 전망했다 양심적 병역거부자들이 일 서울 종로구 헌법재판소에서 선고결과에 서로를 격려하며 기뻐하고 있다 뉴스 허경 기자 뉴스 채널설정하기 제보하기 러시아 월드컵 기사보기 뉴스 코리아 무단 전재 및 재배포 금지 "
"7"," 산하 기관 임원 사표 요구 인사불이익 명단 나돌아 전임 시장 사람 물러나야 업무 연속성 저해 의견 팽팽부산시청 전경 여주연 기자 부산ㆍ경남 뉴스 박기범 기자 지난 년 지방자치 첫 시행 이후 년만에 시민 혁명 이라는 말이 과장이 아닐 정도로 지방권력이 대거 교체된 부산 일선 구청장과 시 구의원까지 더불어민주당이 장악한 부산은 민선 기 오거돈 부산시장에게 힘이 실리면서 특히 공직 사회가 그 어느 때보다 긴장하고 있다 더욱이 오거돈 당선인이 일 과 가진 당선 후 첫 인터뷰에서 인사부터 바로 잡겠다 며 시장을 위해 일하고 정치조직을 위해 일하는 공무원이 없도록 일벌백계하겠다 고 강조한 사실이 알려지면서 술렁임이 증폭되고 있다 더욱이 지방선거 과정에서 부산시 고위 공무원 몇몇이 특정인의 선거운동에 적극 나섰다는 소문과 함께 이들 공무원의 실명까지 거론되면서 인사 태풍 을 예고하는 뒤숭숭한 분위기가 확산되고 있다 선거과정에서 부산시가 한국매니페스토평가 결과를 부풀려 발표해 서병수 후보에게 유리하도록 했다는 논란의 중심에 섰던 본부장 서병수 시장 재임 기간 승진과 요직임명으로 주목받은 국장 실장 국장 등이 인사불이익 대상이라는 확인되지 않는 소문이 나돌고 있다 이에 대해 오거돈 당선인 인수위 관계자는 일 시청에서 그런 소문이 떠돈다는 말을 들었고 누구 누구라는 구체적 이름도 들었다 며 전임시장 시절에 승진하고 요직에 임명된 것이 무슨 문제가 되느냐 백지 상태에서 능력과 인품 자질을 공정하게 평가해 적재적소에 임명하는 것이 관료 출신인 오 당선인의 변함없는 인사 원칙 이라며 소문을 일축했다 오른쪽부터 오거돈 부산시장 당선인 박상준 부산시 정무특보 내정자 박재호 인수위원회 위원장 뉴스 여주연 기자갖가지 소문 속에 실체가 확인된 것도 있다 부산시는 일까지 시 산하 공공기관장과 상임이사는 임명권자인 부산시장에게 임원은 각 기관장에게 사표를 제출하라는 메일을 지난 일 각 기관에 보냈다 부산시는 개 출자 출연기관과 개 지방공사 공단에 모두 명의 기관장과 임원을 두고 있다 제출된 사표는 부산시 인사담당관이 보관하고 있다가 오거돈 시장 체제 출범과 함께 제출할 예정이다 부산시 인사담당관에 따르면 아직 명의 기관장 및 상임이사가 사표를 내지 않은 것으로 확인됐다 정확한 것은 이날 오후 시 최종 확인될 것으로 보인다 앞서 일 서병수 부산시장이 확대간부회의를 마치고 공공기관장들은 오거돈 시장 취임 전에 일괄사표를 내는 방안을 논의했으며 시는 이날 사표 제출을 요구하는 이메일을 각 기관장에게 보냈다 부산시의 이같은 일괄사표 방침에 대해 찬 반 입장이 갈린다 시 관계자는 새로운 시장이 자신의 철학과 맞는 기관장과 일하는 것은 당연하다 며 일괄 사표 제출은 새 시장이 사표수리를 취사선택할 수 있도록 하기 위한 것 이라고 설명했다 그는 이전 시장들 역시 일괄사표를 받은 뒤 선별처리했다 고도 했다 시민사회단체는 이전과는 전혀 다른 성향의 시장이 당선된만큼 전임 시장이 임명한 기관장은 스스로 물러나는 것이 임명권자에 대한 예의이자 자신의 자존심을 지키는 것 이라며 그것이 곧 부산시민의 뜻을 존중하는 것 이라고 강조한다 반면 일부 정치권에서는 임기가 남은 기관장을 중도하차시키면 업무 연속성에 문제가 생긴다 며 사표를 선별수리하는 융통성이 있어야 할 것 이라는 입장을 보였다 이들 기관의 임원들은 짧게는 개월 길게는 년 개월 정도 임기가 남아 있는 상태다 명 중 관광공사 사장 환경공단 이사장 등 명은 올 연말 이전에 임기가 끝난다 이에 따라 일부 기관장의 경우 임기가 유지될 수 있다는 전망도 나온다 오거돈 부산시장 당선인과 인수위는 이같은 조치에 대해 조심스러운 입장이다 오 당선인은 일 가진 과의 인터뷰에서 아는 바가 없는 일 이라고 선을 그었다 남은 임기 및 사표처리 방안에 대해서는 인사의 기본 원칙은 적재적소에 인사를 하는 것 이라며 그 이상 다른 이야기는 할 수 없다 고 원론적 입장만 전했다 뉴스 채널설정하기 제보하기 러시아 월드컵 기사보기 뉴스 코리아 무단 전재 및 재배포 금지 "
"8"," 추혜선 정의당 의원 신웅수 기자 대전ㆍ충남 뉴스 김태진 기자 정의당 추혜선 의원 국회 과학기술정보방송통신위원회 위원 은 일 원자력안전위원회의 한국원자력연구원 방사성폐기물 무단폐기 조사결과 사실로 드러났다 며 연구원의 전면적 쇄신을 위해 하재주 원장이 물러나야 한다 고 말했다 이날 원안위가 발표한 조사 결과에 따르면 원자력시설 해체 과정에서 발생한 납 구리 금 철재 등의 폐기물이 절취 소실됐고 이 중 일부는 고물상 등에 매각됐다 이밖에도 핵연료물질 무단 소지 연구보고서 허위 작성 등의 문제도 드러났다 추 의원은 여 년에 걸쳐 지속적으로 발생한 일이고 심지어 일부는 부서장 등이 알고도 오랫동안 은폐했다는 점에서 조직적이고 만성적인 문제 라며 원자력 연 의 존재 이유를 물어야 할 정도로 안전의식과 연구윤리가 바닥에 떨어진 심각한 상태를 드러냈다 고 지적했다 이어 지난해 초에 방사성폐기물 무단 폐기로 대규모 행정처분을 받은 이후에도 문제가 개선되지 않았다 며 원자력연은 과거의 문제를 확인해 보완하는 수준이 아니라 현재의 시스템에 대한 전면적 재검토와 쇄신이 필요하다 고 꼬집었다 그는 원자력연은 폐기물 관리 시스템만이 아니라 조직운영 연구과제 시설관리 조직문화와 안전의식에 이르기까지 점검하고 바꿔야 한다 며 특히 시민사회가 적극적인 감시와 개입의 역할을 할 수 있도록 열어둠으로써 건강한 긴장감을 형성하고 변화의 동력으로 삼아야 한다 고 주장했다 그러면서 하재주 원장 체제에서 원자력연의 근본적 쇄신이 불가능하다는 것을 충분히 확인할 수 있다 며 하 원장은 국민들에게 사과하고 물러나는 것이 도리다 라고 강조했다 추 의원은 또 감독기관인 과학기술정보통신부 또한 이번 사태의 책임에서 자유롭지 않다 며 여 년간 지속적으로 발생한 문제인 데다 연구과제 보고서를 허위로 작성해 제출했음에도 이를 인지하지 못한 것은 과학기술정책을 총괄하는 부처로서 치명적인 문제를 드러낸 것 이라고 지적했다 이어 과기부는 원자력연에 대한 감사를 통해 책임을 명확히 규명하고 다시는 이런 일이 재발하지 않도록 해야 한다 고 강조했다 한편 원자력연은 원안위가 발표한 한국원자력연구원 방사성폐기물 무단폐기 조사결과 및 조치계획 과 관련해 국민들께 깊이 사죄한다 며 연구원은 이번 조사에서 규명되지 못한 사항에 대해 이미 사법기관에 수사를 의뢰했으며 추후 결과에 따라 관련 직원에게는 엄중히 책임을 물을 것 이라고 밝혔다 또 재발방지를 위해 방사성폐기물 관리 시스템을 고도화하고 외부와의 소통을 보다 강화하여 국민과 함께 운영하는 국민연구원으로 거듭 나도록 하겠다 고 강조했다 뉴스 채널설정하기 제보하기 러시아 월드컵 기사보기 뉴스 코리아 무단 전재 및 재배포 금지 "
"9"," 머니투데이 세종 최우영 기자 편집자주 다음달 일부터 쉼표가 있는 삶 을 지향하는 주 최대 시간근로 시대가 열린다 근로시간 단축으로 사회 전반에 커다란 변화가 예상되지만 시행 초기 혼선을 최소화하는 게 제도 안착의 관건이다 근로시간 단축을 앞두고 정부와 정치권의 정책 보완 움직임 기업과 근로자의 준비상황 등을 짚어 본다 시간 시대 사용자의 지휘 통제와 업무연관성이 중요 사례별 적용은 달라져 주 시간 근로를 맞아 그동안 해석이 불분명했던 근로시간 판단 여부 에 대한 기업들의 궁금증이 빗발친다 고용노동부는 지난 일 가이드라인을 통해 근로시간 판단 원칙으로 △사용자의 지시 여부 △업무수행 의무 정도 △수행이나 참여를 거부한 경우 불이익 여부 △시간과 장소 제한의 정도 등을 들었다 이 같은 요소들이 반영된다 해도 각 사례별로 판단이 달라질 수 있다 그럼에도 불구하고 혼란에 빠진 기업들을 위해 고용부가 주요 사례들에 대한 근로시간 판단 여부를 내놓았다 우선 화장실을 가거나 담배를 피우는 등 잠시 휴식을 취하는 경우는 근로시간이다 언제든 사용자가 일할 것을 지시하면 일터로 복귀할 수 있는 상태기 때문이다 이에 따라 경비원이나 고시원 총무 등은 휴게시간이 구체적으로 적시되지 않고 사업주나 고객의 요청이 있을 경우 언제든 업무에 복귀해야하기 때문에 식사 심야시간도 근로시간으로 본다 다만 근로기준법 조에 따른 감시 단속적 근로자의 휴게시간은 근로시간으로 보지 않는다 감시 단속적 근로자로 사용하려면 고용부의 승인을 받아야 하는데 이들의 실제 근로시간이 대기시간의 절반 이하이며 별도의 휴게공간이 보장돼야 한다 업무와 관련해 회사에서 실시하는 교육은 근로시간으로 본다 다만 근로자가 스스로 역량을 계발하기 위해 받는 교육은 비근로시간이다 업무상 출장은 근로시간으로 보는데 노사가 서면합의해 근로시간을 산정하는 방식이 권고된다 수학여행을 가는 교사 기사 등의 출장업무도 근로시간이다 사업장에 들르지 않고 출장지로 곧바로 출근하거나 현장에서 퇴근하는 경우는 이동시간을 근로시간에서 제외한다 접대는 사용자의 지시나 승인 아래 업무관련자를 만날 경우만 근로시간이다 사업주가 모르게 거래처와 잡아놓은 골프약속 등에 회사 보고 없이 나가면 비근로시간이다 워크숍이나 세미나는 업무에 필요해 사업주가 실시할 경우 근로시간으로 인정된다 다만 친목도모의 목적으로 진행되는 는 비근로시간이다 회식 역시 비근로시간이다 회식자리에서 다칠 경우 업무상 재해는 인정되지만 회식 자체는 근로시간으로 인정받기 어렵다 일직 숙직 등 사업주의 별도 지시가 없는 보초서기 수준의 근무도 비근로시간이다 버스기사가 운행 전후로 요금통을 반납하고 재설치하는 시간도 사업주의 지시에 따른다면 근로시간이다 사립학교 교직원이 방학기간 중 출근하지 않는 자택연수는 임금 지급과 상관 없이 근로시간으로 보지 않는다 아울러 업무집행권을 갖고 있는 임원은 등기이사가 아니더라도 사용자로 간주돼 근로시간을 적용받지 않는다 고용부 관계자는 가이드라인은 일부 사례에 대한 예시일 뿐 휴게 시간 또는 회식 등이 근로시간에 해당하는지 알기 위해서는 여러 사정을 종합해 개별 사안에 따라 구체적으로 판단할 수밖에 없다 고 말했다 더 많은 머니투데이 기사보기 실시간 급상승 기사 리포트 가 새로 발행되었습니다 세종 최우영 기자 "
"10"," 경공모 활동 변호사 경찰 수사 땐 참고인 신분특검팀 댓글 조작 깊숙이 관여 핵심멤버 지목주거지 등 압수수색 곧 피의자 소환 조사 계획 서울 뉴시스 조성봉 기자 드루킹 인사청탁 변호사 도모씨 앞 와 윤모 뒤 씨가 지난달 일 오전 서울 종로구 서울지방경찰청에 참고인신분으로 조사를 받기 위해 출석하고 있다 서울 뉴시스 나운채 기자 허익범 특별검사팀이 드루킹 댓글 조작 사건 의 주범 김모 씨와 함께 경제적공진화모임 경공모 활동을 했던 변호사 명을 입건해 수사를 벌이고 있어 배경이 주목된다 이들은 경찰 단계에선 참고인 신분이었지만 현재는 피의자 상태로 수사를 받고 있다 일 특검에 따르면 수사팀은 경공모 회원인 도모 변호사와 윤모 변호사를 피의자로 입건해 수사 중이다 애초 이들은 경찰 수사 단계에서는 참고인 신분이었다 앞서 지난 월 이 사건을 수사하고 있던 서울경찰청 사이버수사대는 이들을 참고인 신분으로 불러 조사한 바 있다 두 변호사는 경공모에서 법률 스탭 이라는 직책을 맡고 있었다 도 변호사의 경우 필명 아보카 로 윤 변호사는 필명 삶의 축제 로 경공모에서 활동한 것으로 알려졌다 이들은 경찰 조사 당시 드루킹 김씨와의 연관성을 부인한 것으로 전해졌다 또한 경공모의 댓글 조작 활동 내용에 대해서도 사전에 알지 못했다는 취지로 주장했다고 한다 그러나 특검팀은 경찰로부터 넘겨받은 수사기록을 검토하던 중 두 변호사가 댓글 조작에 깊숙이 관여한 혐의점을 포착한 것으로 전해졌다 특검팀은 두 변호사가 김씨나 필명 서유기 박모 씨 등 경공모 회원들의 조직적이고 장기적인 댓글 조작 범행을 이미 알고 있었다고 보고 있다 두 변호사의 직책과 관여 정도에 비춰보면 경공모의 활동에 대해 사실상 의사결정을 내릴 정도의 위치에 있었다고 의심하는 것이다 이에 따라 특검팀은 이들에 대해 컴퓨터 등 장해 업무방해 혐의를 적용 피의자로 입건했다 아울러 이들이 증거를 인멸하거나 훼손했을 가능성이 있다고 보고 영장을 발부받아 주거지 및 사무실 등을 압수수색했다 특히 특검팀은 이들 모두 김씨의 인사 청탁 대상이었던 점에 주목 향후 이들을 소환해 직접 관련 진술을 받을 방침이다 도 변호사는 김씨가 지난 월 김경수 경남도지사 당선인 당시 더불어민주당 의원 에게 일본 오사카 총영사직으로 추천한 인물이다 윤 변호사 또한 김씨가 청와대 행정관직으로 추천했던 인물로 알려졌다 특검 관계자는 압수수색 영장에는 댓글 조작 의혹과 관련된 범죄사실을 적시했다 며 인사 청탁 여부는 향후 조사를 통해 사실여부를 확인할 예정 이라고 밝혔다 뉴시스 빅데이터 주가시세표 바로가기 뉴시스 페이스북 트위터 "
"11"," 양심에 따른 병역 거부자를 위한 대체복무를 규정하지 않는 병역법에 헌법불합치가 선고됨에 따라 같은 이유로 예비군을 거부하는 사람을 처벌하는 향토예비군설치법 향군법 에 대한 헌재의 판단에도 관심이 쏠린다 헌법재판소는 일 양심적 예비군거부사건 건을 심리 중이며 멀지 않은 기간에 결정이 나올 것 이라고 밝혔다 헌재는 년과 년 병역법 선고 당시 향군법에 대해서도 함께 합헌을 결정을 내렸다 하지만 이번에는 병역법만 따로 헌법불합치 결정을 내렸다 양심에 따른 예비군 거부가 입영 거부와 핵심적으로 다른 점은 거듭해서 처벌된다는 점이다 병역 거부의 경우 최근에는 징집이 면제되는 징역 년 개월이 정찰제 처럼 선고된다 이 기간을 복역하면 병역법에 따라 예비군 편성에서 제외된다 따라서 양심적 병역거부자들은 양심적 예비군 거부자가 되지는 않는다 예비군 거부자들은 병역을 마친 이후 집총과 군사훈련을 거부하게 된 경우다 예비군은 현역 또는 상근예비역 복무를 마친 사람이 대상이며 기간은 전역일로부터 년째 되는 해 월 일까지다 연차에 따라 동원 미참가 훈련과 향방 예비군 훈련으로 나뉜다 불참하면 보충훈련 이후 고발된다 이 때문에 향군법 위반 전과가 차례에 이르는 경우도 있다 과거에는 향군법뿐 아니라 병역법도 거듭 처벌했다 징집 거부로 징역을 살게 하고 다시 소집영장을 보내 다시 징역을 살게 하다가 마지막에는 군대에 강제입영시켜 항명죄로 처벌했다 법조계 관계자들은 일부에서는 병역 거부는 년 가까운 징역이 걸린 문제이므로 양심을 논할 수 있지만 주로 벌금인 예비군 거부에 양심을 논하기 어렵다는 주장도 있다 면서 하지만 뒤집어 생각하면 몇 시간 예비군 때문에 전과를 감수하는 일이어서 훨씬 절박한 양심의 문제 라고 설명했다 병역법과 향군법이 갈리는 주요한 지점은 헌법이 금지하는 이중처벌인지 여부다 이와 관련 대법원은 년 판결에서 훈련소집 통지에 응하지 않을 때마다 각각의 죄가 성립하고 그렇게 성립한 여러 개의 죄의 관계는 실체적 경합관계에 있다 고 선고했다 즉 크게 묶어서 하나로 처벌하는 종류의 범죄가 아니라 하나씩 따로 처벌되는 범죄라는 것이다 대법원은 군사정권 시절 병역법에 대한 거듭처벌도 인정했다 이범준 기자 경향신문 트위터 페이스북 인기 무료만화 보기 경향신문 무단전재 및 재배포 금지"
"12"," 한경 이공계 대학 평가 끝 평판도 순위 분석연세대 개 항목서 위고려대는 조직친화력 위 연구중심대학 저력非서울권은 인하대 부산대 順 장현주 기자 한경 이공계 대학 평가 평판도 조사 정성평가 에서 강세는 여전했다 사진은 일자리 박람회를 찾은 대학 예비 졸업생 및 졸업생들 한경 올해 주요 대기업의 정기 임원승진 심사에서 대 서울대 고려대 연세대 출신의 약진은 여전했다 삼성전자 계열 개사 그룹 그룹의 부사장급 이상 승진자 명 중 명이 출신인 것으로 파악됐다 삼성전자의 부사장 이상 승진자 명 중 출신은 명으로 에 이른다 법조계도 예외는 아니다 로스쿨 법학전문대학원 출범 후 임명된 검사 가 학부 출신인 것으로 나타났다 경제 법조 정치 학계 등 사회 각계각층에서 출신의 강세는 여전하다는 게 전문가들의 설명이다 한국경제신문이 조사한 이공계 대학평가 의 평판도 조사 정성평가 에서 졸업생 선호는 두드러졌다 서울대는 모든 직군과 기업의 평판도 조사에서 가장 좋은 평가를 받았다 년 연속 위 자리를 지켰다 연세대 고려대 한양대가 위로 지난해와 같은 순위를 차지했다 대기업 벤처 중소기업 서울대 가장 선호서울대는 공공기관 대기업 정보기술 바이오벤처기업 중소기업 등 모든 기업의 평판도 평가에서 위를 차지했다 조직친화력을 제외한 창의적 문제해결 방식 전공이론 이해수준 발전 가능성 기술개발 역량 인문학적 소양 채용 희망 등 개 분야에서 가장 높은 점수를 받았다 종합 점수는 서울대가 점으로 위 연세대 점 와 고려대 점 가 위를 차지했다 최성현 서울대 공대 교무부학장은 서울대는 같은 단과대라도 학과 특성을 최대한 살릴 수 있도록 지원한다 며 공대를 예로 들면 문과적 특성이 있는 산업공학과는 글쓰기 말하기 관련 수업을 필수적으로 일정 학점 이상 수강해야 한다 고 말했다 이어 창의공학설계 강의 등 폭넓은 사고를 키울 수 있도록 설계된 수업을 제공해 창의적 문제해결 방식을 자연스럽게 익히도록 지원한 것도 대기업과 벤처 중소기업으로부터 가장 좋은 평가를 받을 수 있게 한 원동력 이라고 강조했다 현장기술직 설문에서도 서울대는 가장 선호하는 대학으로 나타났다 이어 연세대 고려대 한양대 순으로 높은 점수를 얻었다 특히 한양대는 조직친화력 위 창의적 문제해결 방식 위 채용희망 위 등에서 좋은 평가를 받아 종합만족도 순위인 위에서 한 단계 오른 위를 기록했다 위는 연세대 대기업 선호도는 고려대연세대는 평판도 종합점수 점으로 고려대 점 를 근소한 차이로 앞서며 위에 올랐다 연세대는 조직친화력 창의적 문제해결 방식 전공이론 이해수준 인문학적 소양 등 개 항목에서 위를 차지하는 등 전반적으로 높은 평가를 받았다 기업 유형별로는 공공기관 바이오벤처기업 중소기업에서 위를 차지했다 연세대는 대학을 둘러싼 급격한 환경 변화에 대응하기 위해 최근 포스텍 포항공대 과 교육 연구 산학 분야를 아우르는 전면적 협력체계를 구축하는 등 새로운 협력모델을 적극적으로 진행하고 나섰다 △바이오 미래도시 등 신사업 분야 연구협력 △공동 학위 추진 △블록체인 캠퍼스 가동 등이 협약의 골자다 고려대는 대기업 평판도에서 연세대를 앞질렀다 소통 및 조직친화력 항목은 점으로 연세대 점 한양대 점 서울대 점 를 제치고 가장 높은 자리에 올랐다 고려대는 채용 희망 항목에서도 서울대에 이어 위에 올랐다 고려대 관계자는 오랫동안 쌓아온 고려대 특유의 친화적 학풍이 조직친화력과 채용희망 항목에서 높은 점수를 얻을 수 있었던 배경 이라고 설명했다 위에 오른 는 연구역량 발전 가능성 실용 연구 및 기술개발 역량 등에서 위에 올라 이공계 연구중심대학의 저력을 보여줬다 교수들 역시 를 서울대에 이어 위로 꼽을 정도로 학계로부터 긍정적인 평가를 받았다 는 설립 주년인 년까지 세계 위권 대학 진입 을 선언하는 등 혁신 드라이브를 가속화하고 있다 비서울권 대학 가운데 평판도가 상위권으로 조사된 부산대에서 학생들이 실험 실습에 열중하고 있다 부산대 제공비서울권 대학은 단연 인하대 부산대비 非 서울권 대학 가운데서는 인하대 부산대의 약진이 눈에 띄었다 평판도 조사에서 각각 위와 위를 차지하며 비서울권 대학 중 높은 평가를 받았다 경북대가 그 뒤를 이었다 부산대는 바이오벤처기업 위 과 교수 위 의 선호도가 두드러졌다 △조직친화력 위 △전공이론 이해수준 위 △기술개발 역량 위 등에서 경쟁력을 갖췄다는 분석이다 부산대는 년 현대자동차 임원을 가장 많이 배출한 학교로 꼽히기도 했다 포스코 임원도 두 번째로 많이 배출했다 부산대 관계자는 사물인터넷 정보통신기술 첨단바이오융합 스마트신소재 원전재난안전 해양자원 등 대 학문 분야에 대한 로드맵을 구성해 세계적인 수준의 연구중심대학으로 거듭날 것 이라고 말했다 인하대는 산학협력을 통한 실무형 인재 양성에 힘을 쏟고 있다 인하대 산학협력단이 운영하는 떴다 아이디어 경진대회 가 대표적이다 동문 기업의 애로사항을 재학생의 참신한 아이디어로 해결하기 위해 마련한 대회다 인하대는 지난 월 중소 벤처기업과 산학협력을 활성화하는 지역 중소기업 연구개발 산업인턴 지원 사업 에 회 연속으로 선정되기도 했다 장현주 기자 한경닷컴 바로가기 글방 모바일한경 구독신청 ⓒ 한국경제 무단전재 및 재배포 금지 "
"13"," 재판관 의견 근로자의 건강권 확보 국가의 보호의무 있어 조용호 재판관 소수의견 공정한 경쟁 막고 직업수행 자유 침해 지난 월 일 오전 서울 종로구 헌법재판소 앞에서 열린 유통산업발전법 제 조 위헌소원 심리 관련 기자회견에서 강규혁 전국서비스산업노조연맹 위원장이 대형마트의무휴업에 반대하는 헌법 소송을 낸 기업을 비판하는 발언을 하고 있다 출처   서울경제 대형마트가 새벽 영업을 못 하도록 하고 한 달에 이틀 이상 의무적으로 휴업하도록 한 유통산업 발전법이 헌법에 어긋나지 않는다는 헌법재판소의 결정이 나왔다 이마트 등 대형마트 곳이 유통산업 발전법 조의 ∼ 항이 헌법에 어긋난다며 낸 헌법소원 사건에서 일 헌재는 재판관 대 의견으로 합헌 결정했다 유통발전법 조의 는 지자체장이 오전 시부터 오전 시까지 대형마트의 영업시간을 제한할 수 있도록 하고 매월 이틀을 의무휴업일로 지정할 수 있도록 규정한다 년 월부터 시행된 이 법은 마트 직원에게 휴식을 보장하고 전통시장과 중소 상인들을 보호한다는 취지로 도입됐다 인천 중구청과 부천시 청주시는 이 규정을 근거로 년 지역 내 대형마트에 오전 시부터 오전 시 또는 시까지 영업을 제한하는 동시에 매월 둘째 주와 넷째 주를 의무휴업일로 지정했고 대형마트 측은 헌법소원을 냈다 헌재는 강한 자본력을 가진 소수 대형 유통업체 등의 독과점에 의한 유통시장 거래질서 왜곡을 방지하고 건전한 유통질서를 확립하는 것을 입법 목적으로 한다 며 헌법에 규정된 경제영역에서의 국가목표 등을 구체화한 공익으로 정당성이 인정된다 고 판단했다 또 해당 조항으로 전통시장 등의 매출 증대에 실제 효과가 거의 없거나 미미하다고 단정할 만한 자료는 없다 며 대형마트 등의 경제적 손실과 소비자의 불편 등도 생길 수 있으나 입법 목적 달성을 위해 필요 최소한 범위에 그치고 있다 고 봤다 아울러 대형 유통업체에 종사하는 근로자의 건강권 확보 또한 국가의 보호의무가 인정되는 공익 이라고 밝혔다 다만 조용호 재판관은 이 조항에 대해 경쟁의 촉진이 아닌 경쟁자를 보호하기 위한 경제적 규제 라며 그 자체로서 자유롭고 공정한 경쟁을 불가능하게 하고 자유시장 경제 질서의 근간을 흔드는 것 이라며 반대의견을 냈다 조 재판관은 대형마트 등 운영자의 직업수행 자유를 상당 부분 제한해 그들의 매출액 감소를 초래한다 며 해당 조항으로 달성할 수 있는 공익인 전통시장 등의 보호 효과는 거의 없거나 있다고 하더라도 미미한 데 비해 제한 침해되는 공익은 월등하게 크다 고 밝혔다 홍승희인턴기자 서울경제 바로가기 이제 주식시세도 서울경제에서 확인하세요 바로가기 블록체인의 모든 것 서울경제 바로가기 저작권자 ⓒ 서울경제 무단 전재 및 재배포 금지 "
"14"," 여대야소 전면 재편 시민 참여 역할론   최창호 기자 경기 뉴스 조정훈 기자 개원을 코앞에 둔 경기도내 개 시 군 의회가 년 전과 비교해 대변혁 수준의 여대야소 정치 지형으로 전면 재편됐다 무려 곳이 여당의 시장 군수로 채워진 것과 관련해 유기적인 협조 발판이 마련됐다는 기대와 함께 집행부에 대한 견제 기능이 약화 혹은 사라질 수 있다는 우려가 교차한다 그 어느 때보다 시민들의 관심 참여 역할이 중요하다는 목소리가 대두되고 있다 일 선관위 등에 따르면 이번 민선 기 지역구 기초의원 당선인 명 중 명이 민주당 소속이다 한국당 명 미래당 명 정의당 명 민중당 명 무소속 명 순이다 비례대표 기초의원은 총 명 중 민주당이 명을 획득했다 한국당 명 정의당 명 미래당 명 순이다 비례대표를 포함할 경우 전체 기초의원 명 중 민주당이 무려 명을 확보했고 한국당 명 정의당 명 미래당 명 민중당 명 무소속 명을 차지했다 이는 도내 개 시 군의회 중 양평을 제외한 곳에서 민주당이 다수당의 지위를 확보하는 결과를 낳았다 지난 민선 기 지방의회가 비교적 균형을 형성했던 상황과는 극명히 대조된다 년 지방선거 당시 지역구 기초의원 총 명 중 새누리당 한국당 전신 명 새정치민주연합 민주당 전신 명이 당선돼 양 당이 비슷한 수준의 의석수를 확보했다 정의당 명 진보당 명 무소속 명 이었다 비례대표 기초의원은 총 명 중 새누리당 명 새정치연합 명이 각각 의석을 차지했었다 민선 기 때와 전혀 다른 분위기 속에 민선 기 의회 개원을 맞이하는 여야 의원들의 표정은 사뭇 엇갈린다 야당의 한 시의원 당선인은 여당이 지자체와 지방의회 모두를 장악하게 됐다 행정의 일방 독주가 우려를 넘어 현실이 될 가능성이 농후해졌다 며 의회가 집행부를 견제 감시하지 못하고 거수기로 전락하지 않도록 견의정 활동에 집중할 것 이라고 말했다 반면 여당의 시의원 당선인은 그동안 의회가 어땠는가 여야 싸움으로 몸살을 앓았고 자리다툼과 집행부 발목잡기에 혈안이 돼 정작 의정활동은 뒤 전 아니었나 라며 낮은 자세로 시민들과 소통하는 등 책임있는 의정 활동을 펼칠 수 있게 됐다 고 강조했다 한 시민은 선거기간 당선인들은 너나 없이 열린 시정과 협치를 최우선 과제로 공언한 만큼 일단 기대가 크다 며 여대야소 형국 속에 시민들은 집행부와 의회가 잘 운영되는지에 대해 관심을 갖고 직접 참여하는 면모를 발휘해야 한다 고 전했다 또 다른 시민은 선거 결과를 보면 현행 정당공천제가 소수 정당의 지방의회 진출을 방해하고 있는 측면이 분명히 있다 선거제도를 개편할 필요성이 커 보인다 고 말했다 뉴스 채널설정하기 제보하기 러시아 월드컵 기사보기 뉴스 코리아 무단 전재 및 재배포 금지 "
"15"," 세월호 미수습자 명 가족 품으로 돌려보내자 마지막 선체수색 작업 광주 조시영 기자 사진 조시영 기자 장마와 무더운 날씨 속에서도 세월호가 거치된 전남 목포에서는 미수습자를 찾기 위한 마지막 선체 수색 작업이 이어지고 있다 장맛비가 추적추적 내린 일 목포신항에 거치된 세월호 선체 안 인양 초기 각종 유류품과 펄로 가득 찼던 선체 내부는 어느덧 텅 빈 상태로 변했다 선체 내부는 침몰한 이후 인양 선체 직립 작업을 거친 년 동안의 세월의 흔적이 역력했다 갈라지고 찢겨지고 녹쓸어 형체를 알아볼 수 없는 공간들 단원고 학생들이 마지막으로 뛰놀았을 객실도 이제는 앙상한 철골 구조물만 남았다 세월호 선체 좌현 부분은 더욱 처참했다 비교적 온전한 세월호 선체 우현과 비교하면 침몰 과정에서 짓눌려 형체를 도무지 알아 볼 수 없는 상황이다 짓눌린 협착 부위는 세월호 선체 층에서 층 그리고 층으로 올라갈수록 심했다 세월호 선체 좌현을 중심으로 세월호 희생자 명 가운데 아직도 가족 품으로 돌아오지 못한 명을 찾는 작업이 진행 중이다 단원고 남현철 박영인 학생 양승진 교사 권재근 씨 권혁규 군 해양수산부는 세월호 선체 좌현과 지금까지 출입구가 협소해 진입이 힘들었던 기관 구역 등 년 동안 손길이 닿지 않은 잔여구역에 대한 추가 수색을 진행하고 있다 이번이 마지막 수색 작업이다 지난 월 일 세월호 선체를 똑바로 세운 뒤 진입로 확보와 조명 설치 등 준비 작업을 거쳐 지난 일 마지막 수색작업이 시작돼 이날로 나흘째 수색이 진행되고 있다 특히 이날 세월호 기관실이 사상 최초로 언론에 공개됐다 세월호 기관 구역은 입구가 협소해 그동안 진입이 어려웠다 직립 이후에도 내부에 가득찬 펄 탓에 본격적인 수색 작업은 최근에서야 이뤄졌다 해수부는 마지막 수색 작업을 완벽하게 하기 위해 유가족들의 동의를 받고 선체 외부 철판 일부를 제거하기로 했다 이를 위해 철판을 제거할 부분의 구조물이 안전한지 검토 중이다 결과는 오는 월 일쯤 나올 예정이다 그때까지도 그동안 손길이 미치지 못했던 곳에 대한 수색과 펄 제거 작업을 계속 이어간다 마지막 미수습자 수색은 오는 월 일까지 진행된다 세월호 선체 직립이 이뤄진 지난 월 일 이후 미수습자의 유해는 아직 발견되지 않았다 현재까지 수습된 유류품은 의류 점 가방 점 신발 점 전자기기 점 핸드폰 점 안경 점 잡동사니 점 등 모두 점이다 마지막 수색 작업이 시작된 이번주에만 지갑 등 유류품 점이 추가로 발견되기도 했다 잇따른 유류품 발견으로 미수습자를 찾을 수 있다는 선체 수색 작업자들의 기대감도 커지고 있다 작업자들은 매일 아침 묵념을 올리고 세월호 선체를 오르내리며 다짐한다고 한다 마지막 미수습자 명을 가족 품으로 돌려보내야 한다 이시각   기자와 카톡 채팅하기   영상 구독하기 저작권자   무단전재 및 재배포 금지 "
"16"," 늦었지만 축하할 결정 국회에서 대체복무 입법 노력해야 대체복무 형태에 대해서는 진보 보수단체입장 엇갈려   오수정 기자 이진성 헌법재판소장 가운데 을 비롯한 헌법재판관들이 일 오후 서울 종로구 헌법재판소 대심판정에서 양심적 병역거부 허용 여부 선고를 하기 위해 자리에 앉고 있다 헌재는 병역법 제 조 항 호 등과 관련한 위헌법률심판 사건과 헌법소원심판 사건에서 재판관 합헌 대 일부위헌 대 각하 의견으로 합헌 결정했다 다만 병역의 종류를 가지로 구분하면서 대체복무제를 포함하지 않는 병역법 제 조 항에 대해서는 재판관 헌법불합치 대 각하 의견으로 헌법불합치 결정하면서 년 월 일까지 개정토록 촉구했다 사진 황진환 기자 양심적 병역거부 처벌은 합헌이지만 대체복무제 도입이 필요하다는 헌법재판소의 결정에 기존 입장이 엇갈리던 시민단체들은 환영 입장을 밝혔다 전쟁없는세상 국제엠네스티한국지부 민주사회를위한변호사모임 등 시민단체는 일 헌재 앞에서 기자회견을 열고 늦었지만 축하할만한 결정 이라고 논평했다 이날 시민단체 관계자들은 헌재 판결이 난 직후 양심적 병역거부자들을 안고 환호성을 지르며 축하했다 민변 임재성 변호사는 헌법재판소에서 위헌 결정을 하면 병역거부자들이 바로 대체복무를 할 수 없는 상황이어서 틈새가 붕 뜨게 된다 며 헌법재판소가 고민 끝에 이런 결정을 했다고 생각한다 고 말했다 임 변호사는 오늘 결정 이후 대체복무제 입법을 해야 하는 건 물론이고 감옥에 있는 사람들이 형집행정지를 통해 나와 잔형을 대체복무로 수행하는 것을 검토해야 할 것 이라고 주장했다 지난 년 병역거부를 선언한 뒤 헌법소원을 낸 홍정훈씨는 우리는 단지 폭력에 반대하는 것일 뿐이고 우리는 평화를 지키기 위해 이런 선택한 것 이라며 오늘 판결로 병역거부자들이 모두 풀려나는 건 아니지만 강력한 메시지를 던진 것이라 생각한다 고 울먹였다 더불어민주당 박주민 의원도 헌재의 판결을 계기로 국회에서 대체 복무제를 마련하기 위해 노력하겠다 며 대체복무가 군 복무와 유사하거나 군 복무를 지원하는 형태여서는 안 될 것 이라고 강조했다 합헌을 주장해왔던 단체들도 같은 장소에서 기자회견을 열고 헌재 결정에 환영의 뜻을 밝혔다 일 오후 서울 종로구 헌법재판소 앞에서 양심적 병역거부 관련 헌법재판소 결정에 대한 입장발표 기자회견 참석자들이 손피켓을 들고 구호를 외치고 있다 사진 황진환 기자 바른군연구소 김영길 대표는 국민들이 공감할 수 있는 판결 이라며 헌재 결정은 양심적이든 종교적이든 병역거부를 처벌한다는 것 이라는 입장을 내놨다 양심적 병역거부에 대한 처벌을 합헌이라고 본 헌재 결정에 방점을 찍은 것이다 이들 단체는 하지만 년 말까지 대체복무제를 도입하라는 헌재 결정에 대해서는 병역 밖에서 대체복무를 하게 된다면 대 의무에 대한 훼손이 일어날 수 있다 며 군대 내부에서 대체복무 문제를 해결해야 한다 고 주장했다 이시각   기자와 카톡 채팅하기   영상 구독하기 저작권자   무단전재 및 재배포 금지 "
"17"," 신품종 육성용 친환경양식시설 건립 등 기반 구축 창원 뉴시스 홍정명 기자 경남 통영시 산양읍에 있는 경상남도수산자원연구소 전경 사진 경남도청 제공 창원 뉴시스 홍정명 기자 경남 통영시 산양읍에 있는 경상남도수산자원연구소 소장 노영학 가 건강한 어미 관리와 고부가 신품종 연구 개발 집중으로 해양수산과학 전문연구기관으로 탈바꿈하고 있다 경남도수산자원연구소는 친환경 양식방법 적용과 중화권 공략용 고부가가치 품종 개발 등으로 양식산업 패러다임을 바꿔야 한다는 현장 요구를 반영해 고부가 품종의 건강한 어미 보존 및 전략품종 개발 경남만의 특화된 품종 연구로 친환경적이며 고부가가치의 양식품종 연구 개발에 전념하고 있다 또한 미래전략품종 개발 기반 구축을 위해 올해부터 년까지 총사업비 억원을 투입해 순환여과방식이 적용된 신품종 육성용 친환경양식시설 을 건립 참다랑어 능성어 돗돔 다금바리 등 대형 어종의 수정란과 종자를 양식 어업인에게 보급할 계획이다 특히 바리류는 중화권을 중심으로 조 원의 시장이 형성되어 있는 고급어종으로 그 중 가장 경쟁력이 있는 대왕바리가 지난해 처음으로 육상수조에서 수정란 대량생산에 성공했다 이에 따라 수산자원연구소는 친어 마리 마리 를 확보해 사육 중에 있다 또한 대왕바리와 국내 바리류 간 잡종인 대왕 붉바리의 년간 월동시험이 성공적으로 진행 중이며 대왕자바리는 자바리 다금바리 보다 배 빠르게 성장해 어업인들의 관심이 집중되고 있다 이상 성장하는 대형어종인 나폴레옹피쉬는 해수온 상승 등 해양환경 변화에 대처하는 신품종으로 친환경양식시설에 사육이 가능하고 관상용뿐만 아니라 중화권에서 식용으로 인기가 높아 고가 마리에 만원 선 에 유통되고 있다 창원 뉴시스 홍정명 기자 경남 통영시 산양읍에 있는 경상남도수산자원연구소 연구원들이 대왕바리 채란을 하는 모습 사진 경남도청 제공 수산자원연구소는 이에 동남아 등지에서 자연산을 채포하는 불완전양식에서 탈피해 올해부터 친어를 확보 종자를 생산하는 완전양식에 도전한다 아울러 남해안 청정해역의 새 양식품종으로 각광받고 있는 해만가리비의 안정적 생산과 경남특화 품종으로 개발을 위해 지난 월 미국 메릴랜드 야생 우량어미 ㎏를 도입해 연안 적응시험 진행 중이며 산란유도와 성장도 비교조사를 거쳐 경남특화 해만가리비 종자를 개발 보급할 예정이다 전복과 해삼도 경남 연안에 특화된 품종 개발과 어미 집단의 유전적 다양성 확보를 추진한다 전복은 국립수산과학원으로부터 속성장 육종 참전복 수정란을 분양받아 일반 전복과 시험생산으로 전복 조기 산업화를 유도하며 해삼은 국내외 우량 품질 해삼어미를 수집 후 지속적인 종자생산을 통해 품종을 개량하여 년에는 양식 어업인에게 보급할 계획이다 노영학 경남도수산자원연구소장은 년에 신품종 육성용 친환경 양식시설 준공되면 년부터는 본격적인 신품종 수정란과 종자가 보급되어 연간 억 원의 직 간접 경제적 효과와 명의 고용효과가 발생한다 면서 양식산업 경쟁력 강화를 위해 신품종 연구 개발에 역량을 집중하겠다 고 밝혔다 뉴시스 빅데이터 주가시세표 바로가기 뉴시스 페이스북 트위터 "
"18"," 시ㆍ도 인수위 취임 일정 등 공개吳 민주열사ㆍ의인 유가족 간담회宋 시민신문고위원회 구성운영 첫 결재金 취임 앞서 경남 번가 문 열어 ㆍ 지방선거에서 승리한 부산 울산 경남 광역지자체 당선인들이 여일의 업무인수 과정을 마치고 내달 일 민선 기 시ㆍ도정의 출발을 알린다 당선인 임기는 내달 일부터 시작되지만 당일이 휴일인 만큼 이튿날인 일 취임식과 함께 공식 업무가 시작된다 지난 지방선거 결과 부ㆍ울ㆍ경 광역지자체의 권력 지형이 자유한국당 체제에서 더불어민주당 체계로 완전 교체됨에 따라 새 지방정부의 임기 시작 일정부터 시민적 관심이 쏠리고 있다 부ㆍ울ㆍ경 인수위가 밝힌 취임 일정을 소개한다 ▦부산 소박하면서 격조 갖춘 취임 민선 기 부산시장직 시민소통위원회 위원장 전재수 는 일 시민이 행복한 동북아 해양수도 를 주제로 한 오거돈 당선자 취임일 일정을 공개했다 취임 당일 일정은 ▦민선 기 시정의 출발 ▦민주주의 정체성 회복 ▦부산의 미래에 대한 약속 ▦시민과의 소통 가지 콘셉트에 맞춰 진행된다 오 당선자는 이날 오전 시 충렬사 참배를 시작으로 오후 시 시민이 행복한 동북아 해양수도 선포식을 끝으로 당일 공식 일정을 종료한다 강동수ㆍ남송우 취임식 공동 준비단장은 오 당선인의 취임 첫날 일정과 취임식은 소박하면서도 격조를 갖추는 데 주안점을 두고 부산의 자랑스러운 역사를 재조명하는 한편 미래에 새롭게 펼쳐질 시민행복시대 를 향한 출발을 알리는 상징적인 스토리텔링을 확인할 수 있는 시간이 될 것 이라고 말했다 민주주의 정체성 회복 은 민주공원 참배와 민주열사 유가족ㆍ부산의인 유가족 오찬간담회로 열린다 故 고 황보영국 열사 이태석 신부 이수현 의인 고현철 교수 유가족 등이 참석한다 부산의 미래에 대한 약속 은 부산근간산업의 부흥 소외 없는 시민행복 유라시아 철도의 시작의 의미를 담은 세 곳의 현장방문 및 간담회로 진행된다 시민과의 소통 은 시민의 명령에 따른 행정명령 호 공포 불통의 상징이었던 시청광장 화단 철거 시민과 함께하는 시민이 행복한 동북아해양수도 선포식으로 이뤄진다 이날 시장으로서의 공식 일정은 오전 시 시청 출근 및 업무 개시와 함께 자연스럽게 이뤄지며 흔히 취임식으로 불리는 행사는 오거돈 당선인의 시민행복 철학에 따라 시민과 함께하는 시민이 행복한 동북아해양수도 선포식으로 이뤄진다 선포식은 오후 시 동북아 해양수도 부산을 상징하는 부산항국제여객터미널 컨벤션센터에서 열린다 선포식 가운데 취임선서는 오거돈 당선자와 명의 시민대표와 함께 진행된다 오 당선자가 시민들에게 시장직을 성실히 수행할 것을 선서하는 것이다 명의 시민대표는 부산의 대표성을 지닌 시민으로 구성되며 부산시민이라면 누구나 아는 인물도 포함돼 있다 특별한 퍼포먼스도 준비 중이다 애국가 제창 축하공연은 열악한 환경에 있는 부산의 청년문화예술인들에 의해 진행될 예정이다 ▦울산 시민화합 앞세운 취임식송철호 울산시장은 일 오전 시 울산대공원 현충탑을 참배한 후 시청 본관 층 대강당 로비에서 취임식을 갖는다 취임식에는 지역 국회의원 시의원 기초단체장 종교계 노동계 다문화 장애인 환경미화원 등 각계각층 명이 참석할 예정이다 국민의례 취임선서 대통령 축하메시지 낭독 시민신문고 타북 행사 시민영상메시지 축가 및 시가 제창 순으로 진행되는 취임식에 이어 송 시장은 첫 공식업무로 감사관실의 시민신문고위원회 구성ㆍ운영계획을 결재한다 송 시장은 시민이 주인 되는 시민주권 시대를 열기 위해 취임하면 바로 시민신문고위원회 를 만들어 잘못된 규제나 시대에 맞지 않은 법령ㆍ제도 등을 시민 중심으로 바꾸겠다고 공약했다 이어 오전 시부터 시청 프레스센터에서 행정부시장과 기획조정실장 행정지원국장 공보관 등이 배석한 가운데 취임기자간담회를 갖고 취임소감 및 민선 기 시정 운영 방향 등을 밝힐 예정이다 또 송 시장은 시장 집무실에서 급 이상 간부공무원 명과 산하기관장 명을 대상으로 실ㆍ국ㆍ본부장과 과장 사업소장 산하기관장 순서로 상견례를 갖는다 아울러 이날 오후 시부터는 민생행보로 동구 현대중공업을 방문 노사정 간담회에 참석한다 노조사무실 방문하고 사측관계자 면담하는 한편 구내식당에서 사측관계자 및 노조임원들과 점심을 함께 한다 취임에 따라 시민소통위원회 로 활동해 온 울산시장 인수위원회는 해체된다 송 시장은 소통을 시정의 기본 원칙이라고 강조해왔다 울산시 관계자는 경기침체 등 사회적 분위기를 감안해 검소하지만 시민화합을 강조하는 상징성 있는 취임식을 마련했다 고 밝혔다 ▦경남 도민과 함께 ㆍ 간소화 경남도정 인수위원회인 새로운 경남위원회 명희진 대변인은 일 취임식은 당선인께서 실무진에 도민과 함께하는 취임식 행사와 의전의 간소화 등 두 가지를 주문했다 고 일 밝혔다 이에 따라 제 대 경남지사 취임식은 각계각층의 도민 여명이 참석해 도지사 취임을 축하하고 민선 기 새로운 경남도정을 공유하는 소통의 장 으로 추진할 예정이다 또 변화와 협력으로 새로운 경남을 만들어가는 희망 비전을 제시하고 소박하고 의미 있는 도민 화합의 장이 될 수 있게 한다는 계획이다 김경수 당선인은 일 오전 시 국립 ㆍ 묘지와 충혼탑 참배로 공식 일정을 시작 도청에서 인계ㆍ인수서 및 취임선서문에 서명한 뒤 도청 간부와 인사를 나누고 노조사무실에 들어 노조간부들과 인사를 한 뒤 취임식장으로 자리를 옮길 예정이다 오전 시부터 시간 분 가량의 취임식이 끝나면 도민대표단과 오찬을 한 뒤 진주시 경남도 서부청사를 찾아 서부청사 직원들과 만남의 시간을 가질 계획이다 앞서 김 당선인은 지난 일 경남도립미술관 다목적홀에서 인수위 도민참여센터 경남 번가 개소식을 갖고 본격 운영에 들어갔다 일에는 경남도서부청사 층 소회의실에서 서부경남 도민참여센터 경남 번가 개소식을 열었다 경남 번가는 김 당선인이 선거기간 도정운영 핵심원칙으로 제시한 도민 참여와 소통을 위해 문재인 정부의 광화문 번가 를 본떠 만든 도민참여센터다 경남 번가는 도민들의 인터넷 홈페이지와 우편 이메일 전화 현장 접수 등의 방법으로 도민들의 정책제안을 받아 분류 검토 제안 선정 등을 거쳐 도정에 반영할 계획이다 목상균 기자 김창배 기자 이동렬 기자 한국일보 페이스북 카카오 친구맺기 네이버 채널에서 한국일보를 구독하세요 ⓒ 한국일보 무단 전재 및 재배포 금지 "
"19"," 컴포트화 위 기업 일군 흙수저 신화 소비자 트렌드 수시로 바뀌듯언제나 새로운 것 요구하는 시장경영인 창업자엔 위기이자 기회어렵더라도 품질만은 타협 말고고난 즐기며 시장 연구 매진하길 서울경제 변화의 바람이 부는 곳에 자신을 던져야 성장할 수 있습니다 벤처 경영인이나 창업자에게 변화는 위기인 동시에 기회입니다 흙수저 성공신화 기업인으로 알려진 김원길 사진 바이네르 대표는 최근 서울 여의도 코워킹스페이스에서 중소기업연구원이 주최한 강소기업 세미나 강연에서 시장 변화에 대한 적절한 대응이 기업 생존의 길이라며 이같이 말했다 중졸 구두기능공 출신인 김 대표는 지난 년 안토니제화를 설립한 후 여년 만에 신기 편한 수제 컴포트화 부문의 국내 위 기업을 일궈냈다 김 대표는 충남 당진에서 태어나 세 때 구두공장에 취직하기 위해 무작정 서울로 올라온 자신이 컴포트화 선두 업체를 이끌게 된 배경에는 시장 변화에 대한 신속한 적응이 있었다고 설명했다 김 대표는 년대 국내 제화 업계에서 잘나가던 케리부룩에서 년간 근무한 후 안토니를 세웠다 창업 후에도 케리부룩 제품을 팔았는데 케리부룩이 부도로 쓰러지자 제품을 구할 수가 없었다 며 당시 이제는 편안한 구두가 대세 라는 납품처 백화점의 한 임원의 조언을 따라 미국으로 건너가 직접 시장의 변화를 목격했다 고 말했다 김 대표는 사업 확장을 위해 이탈리아 브랜드 바이네르의 한국 판매권을 따냈고 년 아예 이탈리아 본사로부터 바이네르 브랜드를 인수했다 김 대표는 소비자가 보는 미 美 의 포인트는 항상 바뀐다 며 항상 새로운 것을 요구하는 시장에 적절히 대응하지 못하면 변화는 기업에 위기로 다가올 것 이라고 말했다 그도 창업하자마자 위기를 겪었다 자금 압박과 불면증으로 극단적 선택까지도 시도했다 당시 은행대출 보증인의 저주 반 위로 반 의 말에 일하다 죽자 고 마음을 고쳐먹었다 그는 매를 일찍 맞은 때문인지 년 외환위기 때도 별로 힘든 것을 몰랐다 며 고난의 시기에도 고객과 지켜야 할 약속은 품질이라는 생각뿐이었고 그것은 결코 타협할 수 없는 것이었다 고 술회했다 김 대표는 세계 등 신발회사와 함께 행복지수 등 기업이 목표라고 공언했다 실제로 직원들과 유럽 스키여행을 다녀오고 다둥이가족 직원에게 거액의 축하금을 주는 등 업계에서는 직원행복 모범 기업으로 정평이 나 있다 그는 그동안 함께 일한 직원 중 여명이 독립해 사장이 됐다 며 공장 직원 모두를 사장으로 만드는 것도 꿈 이라고 말했다 월 프로골퍼 최경주와 골프화 후원계약을 체결한 김 대표는 골프화의 미국 수출과 매장 오픈도 계획하고 있다 행복은 타인의 존경을 받는 것이라고 정의한 김 대표는 밤을 새우는 것도 고난을 추억으로 삼는 것도 경영자 라며 경영자는 지치지 않도록 시장을 연구하고 자신을 연마해야 한다 고 덧붙였다 글 사진 박현욱기자 서울경제 바로가기 이제 주식시세도 서울경제에서 확인하세요 바로가기 블록체인의 모든 것 서울경제 바로가기 저작권자 ⓒ 서울경제 무단 전재 및 재배포 금지 "
"20"," 안전 월부터 일반도로에서 차량 뒷좌석에 앉은 동승자도 안전띠 착용이 의무화된다 자전거 음주운전 처벌 규정에 따라 술을 마시고 자전거를 타다 적발되면 벌금이 부과된다 일 경찰청에 따르면 일반도로에서 전 좌석 안전띠 착용 의무화 자전거 음주운전 처벌 규정 신설 등을 주요 내용으로 하는 도로교통법 개정안이 월 일부터 시행된다 우선 일반도로에서 안전띠 착용 의무가 뒷좌석 동승자까지 전 좌석으로 확대됐다 고속도로는 년 자동차전용도로는 년에 각각 전 좌석 안전띠 착용이 의무화됐으나 일반도로는 운전자 및 운전자 옆 좌석 동승자만 의무화돼 있어 전 좌석 확대 필요성이 제기돼 왔다 안전띠를 미착용할 경우 운전자는 범칙금 만원 동승자는 과태료 만원이 각각 부과된다 동승자가 세 미만인 경우에는 과태료 만원이다 전 좌석 안전띠 착용은 일반 차량뿐만 아니라 사업용 차량에도 적용되며 승객이 안전띠를 매지 않은 경우 운전자에게 과태료가 부과된다 단 안전띠가 설치되지 않은 시내버스의 경우에는 착용 의무가 없다 자전거 운전자가 음주운전을 하는 경우 처벌할 수 있는 규정도 신설됐다 자동차 등의 운전자와 달리 위반 시 범칙금이 부과된다 경찰은 자전거 동호회 등에서 자주 술을 마시는 편의점이나 식당 등 주변에서 음주운전이 의심되는 자전거 운전자나 교통사고가 발생한 경우 등에 한정해 단속을 펼칠 계획이다 자전거 운전자와 동승자의 안전모 착용도 의무화됐다 다만 의무만 부과될 뿐 처벌 규정은 없으며 도로법에 따른 도로와 자전거도로에 한정해 적용하게 된다 내달 일부터는 성범죄자에 대해 일률적으로 년간 취업이 제한한 현행 제도가 법원이 형의 판결과 동시에 최대 년 의 범위에서 취업제한 명령을 선고할 수 있도록 개정됐다 이에 따라 내달 일 이전에 형이 확정된 피고인에 대해서는 종전보다 불리하지 않게 선고형에 따라 취업제한 기간이 년간 차등 적용된다 성범죄자 취업제한 대상기관과 아동 청소년 대상 성범죄 신고의무기관도 늘어난다 대학 장애인특수교육지원센터 등 개 유형의 아동 청소년 관련기관이 취업제한 대상기관에 추가되고 대학이 아동 청소년 대상 성범죄 신고의무기관에 포함된다 구자윤 기자 세상의 모든 골 때리는 이야기 파스 속보이는   스타 저작권자 ⓒ   무단 전재 재배포 금지 "
"21"," 안전 월부터 일반도로에서 차량 뒷좌석에 앉은 동승자도 안전띠 착용이 의무화된다 자전거 음주운전 처벌 규정에 따라 술을 마시고 자전거를 타다 적발되면 벌금이 부과된다 일 경찰청에 따르면 일반도로에서 전 좌석 안전띠 착용 의무화 자전거 음주운전 처벌 규정 신설 등을 주요 내용으로 하는 도로교통법 개정안이 월 일부터 시행된다 우선 일반도로에서 안전띠 착용 의무가 뒷좌석 동승자까지 전 좌석으로 확대됐다 고속도로는 년 자동차전용도로는 년에 각각 전 좌석 안전띠 착용이 의무화됐으나 일반도로는 운전자 및 운전자 옆 좌석 동승자만 의무화돼 있어 전 좌석 확대 필요성이 제기돼 왔다 안전띠를 미착용할 경우 운전자는 범칙금 만원 동승자는 과태료 만원이 각각 부과된다 동승자가 세 미만인 경우에는 과태료 만원이다 전 좌석 안전띠 착용은 일반 차량뿐만 아니라 사업용 차량에도 적용되며 승객이 안전띠를 매지 않은 경우 운전자에게 과태료가 부과된다 단 안전띠가 설치되지 않은 시내버스의 경우에는 착용 의무가 없다 자전거 운전자가 음주운전을 하는 경우 처벌할 수 있는 규정도 신설됐다 자동차 등의 운전자와 달리 위반 시 범칙금이 부과된다 경찰은 자전거 동호회 등에서 자주 술을 마시는 편의점이나 식당 등 주변에서 음주운전이 의심되는 자전거 운전자나 교통사고가 발생한 경우 등에 한정해 단속을 펼칠 계획이다 자전거 운전자와 동승자의 안전모 착용도 의무화됐다 다만 의무만 부과될 뿐 처벌 규정은 없으며 도로법에 따른 도로와 자전거도로에 한정해 적용하게 된다 내달 일부터는 성범죄자에 대해 일률적으로 년간 취업이 제한한 현행 제도가 법원이 형의 판결과 동시에 최대 년 의 범위에서 취업제한 명령을 선고할 수 있도록 개정됐다 이에 따라 내달 일 이전에 형이 확정된 피고인에 대해서는 종전보다 불리하지 않게 선고형에 따라 취업제한 기간이 년간 차등 적용된다 성범죄자 취업제한 대상기관과 아동 청소년 대상 성범죄 신고의무기관도 늘어난다 대학 장애인특수교육지원센터 등 개 유형의 아동 청소년 관련기관이 취업제한 대상기관에 추가되고 대학이 아동 청소년 대상 성범죄 신고의무기관에 포함된다 구자윤 기자 세상의 모든 골 때리는 이야기 파스 속보이는   스타 저작권자 ⓒ   무단 전재 재배포 금지 "
"22"," 우병우 전 청와대 민정수석이 검찰이 하라는 대로 다 했다 며 법대로 개월의 구속기한이 지났으니 석방해달라 고 주장했다 우 전 수석은 일 서울고법 형사 부 재판장 차문호 심리로 열린 검찰의 구속영장 재청구에 대한 심문 기일에서 이같이 말했다 내달 일 구속기한 만료를 앞두고 검찰은 우 전 수석에 대해 다시 구속영장을 청구했다 앞서 박영수 특별검사팀과 검찰은 지난해 월과 월 우 전 수석에 대해 구속영장을 청구했다가 기각된 뒤 그해 월 세번째 영장을 청구해 그를 구속했다 우병우 전 청와대 민정수석 조선 우 전 수석은 이날 년 남짓한 기간에 제 개인에 대해 번이나 구속해달라고 검찰이 요청했다 며 힘없는 개인으로서는 정말 감당하기 어렵다 고 했다 이어 검찰이란 거대한 공권력이 우병우라는 개인에게 너무 가혹하다 잔인하다는 생각이 든다 고 말했다 우 전 수석은 이어 저는 검사로 또 공직자로 일했기 때문에 검찰이 하라는 대로 다 했다 며 포토라인에 서라고 할 때마다 다 찍혔고 영장 청구하면 제 발로 걸어와서 다 심문 받았다 이제 와서 도주 우려가 있다는 것을 납득하기 어렵다 고 했다 그는 또 저에 대한 구속영장이 두 번 기각됐을 때 검찰은 저의 출국금지를 해제했다 며 정말 도주할 생각이 있었으면 그때 외국으로 나갈 수 있었지만 저는 해외여행 한 번 한적도 없다 고 말했다 그러면서 불구속 재판을 받게 해주시고 그런데도 죄가 있다 판정해 처벌한다면 그때 달게 받겠다 며 유죄를 받든 무죄를 받든 여한 없이 재판받을 기회를 달라 고 했다 검찰은 우 전 수석이 사실관계나 법리를 왜곡하며 무리하게 무죄를 주장한다며 도주나 증거 인멸의 우려를 들어 풀어주면 안 된다고 주장하고 있다 재판부는 검찰과 우 전 수석 측 주장을 살펴본 뒤에 늦어도 다음주 초에 구속영장 발부 여부를 통지하겠다고 했다 지난 월 우 전 수석은 심에서 최순실씨 등 비선실세들의 국정 농단을 묵인한 혐의 등으로 징역 년 개월을 선고받았다 법원은 검찰이 우 전 수석에게 적용한 개 혐의 중 개 혐의에 대해 유죄를 인정했다 박현익 기자 조선닷컴 바로가기 조선일보 구독신청하기 ⓒ 조선일보 무단 전재 및 재배포 금지 "
"23"," 시 노선변경 추진 중단 노선신설 막차시간 변경은 그대로시내 버스 뉴스 김포 뉴스 정진욱 기자 정하영 김포시장 당선인은 일 시 집행부에 김포시가 추진하는 버스노선 조정안을 재검토 할 것을 주문했다고 밝혔다 정 당선인은 월 일 근로기준법 개정시행에 맞춰 김포시가 추진하는 버스노선 조정안에 대해 해당 주민들의 불편과 불만이 커지고 있다 며 주민생활과 밀접한 사안에 대해선 충분한 시간을 갖고 주민들의 의견 수렴 및 대안제시가 있어야 한다 고 말했다 이어 대중교통은 경제성을 따라 노선이 결정되면 안된다 며 단 한 명이 이용하더라도 교통약자가 생기지 않도록 배려해야 한다 고 말했다 그러면서 김포시의 이번 시내버스 노선변경 추진은 시민들의 의견수렴 과정이 부족한 전형적인 소통부재행정의 표본 이라고 지적했다 그는 근로기준법 시행에 대해서도 정부가 내세운 개월의 계도기간을 통해 시내버스 노선에 대한 이용객의 의견을 최대한 수렴하고 기존의 민원도 검토해 개편안을 만들어야 한다 고 말했다 이에 대해 김포시 안전건설국 전종익 국장은 주민의견 수렴 마지막 날인 일까지 접수된 주민들의 의견을 충분히 검토했고 정하영 시장 당선인으로부터 개편안을 재검토하라는 주문도 받았다 며 주민민원이 큰 번 노선 등 노선변경에 대한 사항은 당선인 취임 후 재검토하겠다 고 말했다 시는 버스노선 변경 외에 번 노선 휴지와 막차시간 변경 번 노선신설은 예정대로 월 일부터 시행한다고 밝혔다 시는 월 일 근로기준법 개정 및 도시철도 개통지연에 따른 대중교통대책 마련을 위해 일부 노선에 대해선 월 일부터 경로 배차간격 막차시간 등을 변경하고 이에 관한 주민의견을 일까지 접수한다고 발표한 바 있다 김포시 시내버스 노선변경안이 공고되자 노선이 없어지는 양촌읍 양곡리와 학운리 주민들은 교통약자에 대한 배려가 없이 졸속으로 마련된 노선개편안을 받아들일 수 없다 고 강력히 반발했다 이들은 일 정하영 김포시장 당선인의 시정인수위원회인 시민행복출범위원회 사무실을 찾아가 김포시의 시내버스 노선변경안의 시행을 중단해 달라고 요구했다 뉴스 채널설정하기 제보하기 러시아 월드컵 기사보기 뉴스 코리아 무단 전재 및 재배포 금지 "
"24"," 내일 방송되는 아침 시사프로그램 아침발전소 진행 노홍철 허일후 임현주 에서는 故 김종필 전 국무총리 훈장 추서에 대해 정치적 견해를 밝히며 논란의 중심에 선 맛 칼럼니스트 황교익과 전격 인터뷰를 갖는다 음식은 정치 라 이야기하는 이 남자 황교익 떡볶이는 맛없는 음식이다 치느님 치킨은 양념 맛 평양냉면은 남한의 허상 등 듣기만 해도 반발심을 활활 불타오르게 만드는 충격적인 발언들과 함께 자신을 악식가 라 부르며 온갖 음식에 딴죽을 걸고 우리의 식문화 상식을 산산이 부서뜨린다 하지만 이것만으로 부족했는지 이 남자 최근 상에 김종필 前 총리를 애도하지 말라 는 정치적 견해를 밝혔다가 뉴스데스크 등 보도프로그램까지 출연하는 등 논란의 중심이 되었다 이에 아침발전소 에서는 이슈의 중심에 선 황교익을 직접 스튜디오에 초대해 궁금한 속사정을 확인할 예정이다 또 내일 아침발전소 에서는 새 코너 신인류 보고서 를 통해 사회 다방면에 걸친 궁금한 이슈와 트랜드를 진단한다 그 첫 시간으로 도믿맨 의 정체를 파헤쳐볼 예정이다 학창 시절을 떠오르게 하는 커다란 백팩 옆집 이웃 같은 친근한 복장 한 걸음 멀리에는 같은 복장의 동료를 데리고 사람들에게 말을 걸고 있다면 그것은 빼박 도믿맨 이다 도믿맨 은 도를 아십니까 라고 말을 걸며 길에서 포교활동을 하는 사람들을 부르는 신조어다 살면서 이 도믿맨 한 번 안 마주쳐 본 사람은 없을 것이다 그런데 이 도믿맨 이 변하고 있다 자신의 신분을 가리고 웹툰 작가 지망생 공연 기획자 길 묻는 사람 등으로 위장해서 다가온다는 新도믿맨 심지어 외국인을 대상으로 한국 문화 소개를 시켜주겠다며 접근해 종교 비용을 갈취해 문제가 되고 있다는 데 내일 방송될 아침발전소 에서는 은근히 궁금했던 그들 도믿맨 의 정체를 밝혀볼 예정이다 이 밖에도 성장기 아이를 둔 부모들에게 큰 인기라는 키 크는 영양제 및 각종 주사와 한약재 수술 등 과연 키 를 위한 노력은 정말 효과가 있는 것일지 확인해 볼 예정이다 한편 아침발전소 는 시시각각 벌어지는 사건사고 현장을 생생하게 전달하고 팩트체크 를 넘어 관점 이 부여된 뉴스 전달을 지향하는 새 아침 시사정보 프로그램이다 방송인 노홍철과 허일후 임현주 아나운서의 진행으로 매주 금요일 아침 시 분부터 시 분까지 생방송 된다 인턴기자 김영서 사진 아침발전소 ⓒ 무단복제 및 재배포 금지 "
"25"," 세종 아파트 화재현장 합동감식 세종   이진욱 기자 명의 사상자를 낸 세종시 주상복합아파트 신축공사장의 화재원인을 밝히기 위해 경찰과 소방당국 국립과학수사연구원 대전지방노동청으로 구성된 합동감식단이 일 오전 세종시 새롬동 화재현장에서 발화원인을 찾고 있다 신축 공사현장이어서 화재원인 규명 어려워 세종 화재 합동감식 시작 세종   이진욱 기자 명의 사상자를 낸 세종시 주상복합아파트 신축공사장의 화재원인을 밝히기 위해 경찰과 소방당국 국립과학수사연구원 대전지방노동청으로 구성된 합동감식단이 일 오전 세종시 새롬동 화재현장에서 진입에 앞서 논의를 하고 있다 세종   김소연 기자 명의 사상자를 낸 세종시 주상복합아파트 신축공사장의 화재원인 규명에 난항이 예상된다 내부가 상당히 넓은 데다 화재유발 요인이 어디에 있는지 예측하기 어려운 신축공사장의 특성 때문이다 경찰과 소방당국 국립과학수사연구원 대전지방노동청 등 관계기관 전문가 여명은 이날 오전 시 분부터 세종시 새롬동 생활권 블록 트리쉐이드 주상복합아파트 신축공사장에서 합동감식에 돌입했다 김철문 세종경찰서장은 이날 오후 현장에서 기자들과 만나 오전에는 화염이 나왔던 지점 지하 ∼ 층을 전반적으로 둘러보는 수준에서 차 감식을 했다 며 오후 시 분부터 진행되는 감식부터 본격적으로 발화지점이 어딘지 규명하는 데 중점을 둘 것 이라고 말했다 합동감식단은 이날 하루로는 시간이 부족하다고 판단 일까지 감식하기로 했다 이틀에 걸친 정밀 감식에도 불구하고 경찰이 화재원인을 규명하는 데는 시간이 필요할 것으로 내다봤다 상당히 많은 곳이 불에 탄 데다 한창 공사가 진행 중인 곳이다 보니 어디에 어떤 물건이 놓였는지 화재유발 요인이 어디에 있었는지를 파악하기 어렵기 때문이다 오열하는 화재 유가족 세종   이진욱 기자 명의 사상자를 낸 세종시 주상복합아파트 신축공사장의 화재원인을 밝히기 위해 합동감식이 시작된 일 오전 세종시 새롬동 화재현장에서 유가족들이 눈물을 흘리고 있다 김 서장은 장소가 매우 넓은 데다 확인해야 할 사항이 상당히 많다 며 부상자와 작업자의 진술 작업일정 등을 종합적으로 확인해 현장 상황과 맞춰봐야 한다 고 말했다 당시 에폭시 작업을 했다 는 근로자들의 진술이 나온 데 대해서는 관련자들의 진술을 모두 들어봐야 정확히 알 수 있다 고 선을 그었다 김 서장은 이어 내일 일 까지 이뤄지는 합동감식과 관련자 수사 결과를 종합해 화재원인을 규명하고 업체의 과실이 있는지에 대해 확인하겠다 고 덧붙였다 이날 감식 현장에는 일부 유족이 찾아 화재현장과 감식 장면을 보며 오열하기도 했다 지난 일 오후 시 분께 세종시 새롬동 생활권 블록 트리쉐이드 주상복합아파트 신축공사장 동 지하 층에서 펑 하는 폭발음과 함께 큰불이 났다 이 불로 근로자 명이 숨지고 명이 다쳤다 해당 사업장은 지난 일 오후 시를 기해 전면 작업중지 명령이 내려졌다 부원건설이 시공하는 트리쉐이드 주상복합아파트는 지하 층 지상 층 가구 주거공간 가구 상점 가구 규모다 오는 월 입주 예정이다 기사제보 및 문의 뉴스가 보여요   유튜브 러시아 월드컵의 모든 것 "
"26"," 오염물질 정화 광촉매 활용 포장기술 전국 최초로 도입 서울시가 미세먼지의 원인이 되는 질소산화물 정화기능이 있는 광촉매 를 활용한 도로포장 신기술을 일 새벽 시 시 사이에 강남대로 양재역 일대에 실시하고 있다 서울시가 미세먼지의 원인이 되는 질소산화물 정화기능이 있는 광촉매 를 활용한 도로포장 신기술을 전국 최초로 도입한다 도로 포장면에 광촉매를 뿌려 자동차 배기가스의 주성분인 질소산화물을 분해하는 방식으로 도로 위 미세먼지를 줄일 수 있을 것으로 기대된다 시는 강남대로 양재역 버스정류장 구간 에 광촉매 시험포장을 실시한다고 일 밝혔다 광촉매는 빛을 받아들여 질소산화물 등 오염물질을 분해하고 빨아들이는 등 정화기능을 가진 촉매다 대기정화 항균 탈취작용 등 다양한 분야에서 활용되고 있으나 도로포장에서 적용하는 것은 이번이 국내 최초 시도다 대기정화를 위한 도로포장 분야 광촉매 적용은 이탈리아 벨기에 일본 등 해외 주요 국가에서는 년대 이후 활발히 연구를 추진 중이나 국내에선 년 이후 일부 콘크리트 도로시설물에 시범 적용되었고 아스팔트 포장에는 초기 연구단계 수준에 있다 광촉매 시험포장은 강남대로 양재역 일대 도로연장 왕복 차로 구간을 대상으로 차량 통행이 적은 일 목 새벽 시 시 실시된다 포장 전 분진흡입차량을 이용해 도로에 쌓여 있는 먼지 등을 제거한 후 개 차로씩 차량통제 후 도로포장을 실시한다 시는 도로포장 시공 후 양재역 일대 버스중앙차로에 설치된 고정식 대기측정기를 활용해 미세먼지 농도를 지속적으로 모니터링하고 포장면의 미끄럼 저항과 휘도 빛의 반사로 인한 운전자들의 눈부심 현상 까지도 정기적으로 조사해 미세먼지 저감효과 등 검증결과를 올해 말 발표할 예정이다 한편 시는 지난 월 일 광촉매 포장기술 보유업체인 ㈜비앤디네트웍스와 공기질 개선 도로포장 기술개발 업무협약 을 체결하고 오염물질 저감기술의 효과검증을 실증화하는 방안을 함께 모색해 왔다 고인석 서울시 안전총괄본부장은 자동차 배기가스로 인한 미세먼지 유발물질을 줄이기 위해 도로포장에 신기술을 도입해 시도하게 됐다 며 이번에 시험포장한 구간에 대한 지속적인 모니터링을 실시하고 효과검증 후 단계별로 확대 시행할 것 이라고 말했다 김아름 기자 세상의 모든 골 때리는 이야기 파스 속보이는   스타 저작권자 ⓒ   무단 전재 재배포 금지 "
"27"," 내용연수보다 더 사용한 소형건물 서울시에만 만동제 용산 붕괴사고 막으려면 법령개정해 관리대상 확대해야 최근 발생한 용산 노후건축물 붕괴사고 같은 사례가 또 발생하지 않도록 예방하겠습니다 배광환 서울시 안전총괄관 사진 은 일 관리사각지대 노후화 시설물별 다양한 안전 방안을 마련하고 안전관리를 강화시켰다 며 이같이 밝혔다 지난 월 일 서울 용산구에 있는 상가건물 하나가 갑작스럽게 붕괴했다 서울에는 년대 인구증가에 따른 도시화로 층 이하의 소규모건축물들이 급격히 생겨나게 됐다 내용연수 대비 사용연수 이상 경과된 소규모 노후건축물이 현재 서울시에는 약 만동 가량이 있다 그러나 사고건물과 같은 시설물은 안전관리 법령에서 관리대상에서 벗어나 있다 년 이후 건축물을 포함한 시설물의 안전관리에 대한 정책적 관심이 높아졌는데 년 삼풍백화점 붕괴사고 등 잇따른 붕괴사고가 계기가 됐다 그 결과 종 시설물 안전관리를 포함하는 관련 특별법이 제정되고 이어 각종 재난에 대한 안전관리체계와 소규모 시설물을 특정관리대상시설로 지정해 관리하는 재난 안전 관련법도 제정됐다 또 지난 월에는 시설물안전법이 전면 개정되기도 했다 그러나 배 총괄관은 이러한 안정관리 제도상에 보완할 부분 또한 많다 고 지적한다 시설물안전법에 따르면 연면적이 작고 고층이 아닌 규모의 근린상가나 단독주택 다세대주택 등은 안전 및 유지관리 대상시설물에서 제외된다 이는 공중에 중대한 위험요인이 발생하지 않는 한 정기안전점검과 유지관리 의무를 시설물에 부과하기 어렵다는 것을 의미한다 며 배 총괄관의 걱정이 태산이다 결국 이런 시설물들이 안전관리 사각지대에 놓이게 된다고 딱 꼬집어 지적했다 배 총괄관은 상위 법령부터 개정해 소규모 시설물로까지대상이 확대하게 되면 지방자치단체 또한 여기에 탄력을 받아 구체적으로 안전을 관리해야 한다 고 꼼꼼하게 설명했다 그는 이런 제도적 부분 외에도 시설물 소유자의 의무에 대해서도 강조한다 시설물안전법 등 관련법은 시설물 소유주에게 안전점검 등 유지관리 의무를 부여하고 있지만 소유주들의 공감부족에 따른 안전불감증때문에 쉬운일이 아니다고 토로했다 그러면서 건물 소유주들은 건축물의 상태를 점검하고 눈 앞의 이익보다 안전확보를 위한 보수비용을 우선해야한다고 강조했다 그는 서울시는 안전에 취약한 노후 시설물이 누락되지 않도록 제 종 시설물을 지정하기 위한 조사를 세심하게 하고 있다 며 해당 건축물의 주기적 안전점검과 진단 이행 여부 등 법령에서 정한 안전관리 의무가 철저하게 이행될 수 있도록 꾸준히 모니터링하고 있다 고 말했다 현재의 대형공사장 개 주변의 노후건축물 여개소를 특별점검하고 있다며 계속적으로 기획점검 등으로 안전을 확보시키겠다고 재차 강조했다 김두일 기자 세상의 모든 골 때리는 이야기 파스 속보이는   스타 저작권자 ⓒ   무단 전재 재배포 금지 "
"28"," 노회찬 해묵은 숙제 오늘에야 해결 서울 뉴시스 이종철 기자 정의당 노회찬 원내대표 서울 뉴시스 이재은 기자 정의당은 일 헌법재판소가 양심적 병역거부자를 위한 대체복무제도를 마련하라고 결정한 것에 대해 환영의사를 밝히면서도 국회의 병역법 개정을 촉구했다 노회찬 원내대표는 이날 보도자료를 통해 우리 사회가 오래전에 해결해야만 했었던 해묵은 숙제가 오늘에야 비로소 풀리게 됐다 지금까지 양심적 병역거부로 처벌받은 만 명의 젊은이들에게 위로와 감사의 말을 전한다 면서 이같이 밝혔다 노 원내대표는 헌법재판소의 결정이 지연되는 동안 매년 수백 명의 젊은이들이 양심에 따른 결정을 한 대가로 감옥에 갈 수밖에 없었다 년대 이후 양심적 병역거부를 이유로 구금시설에 구금하는 국가는 전 세계에서 개 국가 정도밖에는 되지 않는다 고 설명했다이어 우리나라를 포함한 아르메니아 에리트레아 투르크메니스탄 등의 나라인데 년의 경우 전 세계 각 국에 수감되어 있는 양심적 병역거부자 명 중에서 대한민국이 대한민국 국민을 구금한 숫자는 명으로 전 세계의 를 차지했다 이는 너무나도 부끄러운 일 이라고 부연했다 노 원내대표는 년에 양심적 병역거부자에 대한 대체복무제도를 입안하였으나 끝내 법안을 통과시키지 못했다 그러나 이제 헌법재판소의 결정에 따라 국회는 속히 병역법 개정을 추진해야 한다 면서 양심적 병역거부자를 보충역에 편입시키는 경우 보충역 지원자가 기하급수적으로 늘 것이라는 주장은 현재 대체복무제를 운영하고 있는 다른 나라들의 선례를 볼 때 근거 없는 기우에 불과하다 고 주장했다 최석 대변인 역시 논평을 내고 헌재는 병역거부를 처벌하는 그 자체에 대해서는 합헌이라고 했지만 동시에 대체복무제를 규정하지 않은 현행 병역법은 헌법불합치라고 판단했다 헌재가 서둘러 대체복무제를 도입해야 한다는 메시지를 던진 것 이라고 밝혔다 최 대변인은 매년 수백 명의 청년들이 병역 거부 이유로 감옥에 가는 나라는 년 이후로 대한민국이 전 세계에서 유일하다 우리나라가 분단국가라는 이유만으로는 인권을 짓밟는 행위가 합리화 될 수는 없는 일 이라면서 국회는 서둘러 관련 논의를 진행해야 할 것이다 정부 역시 서둘러 우리 사회가 납득할 수 있는 공정한 대체복무제 방안을 도출해 양심의 자유를 지키려다 죄인이 되는 비극을 막아야 할 것 이라고 강조했다 헌법재판소는 이날 양심적 병역거부자를 처벌하는 조항은 합헌이지만 대체복무제를 규정하지 않은 병역법 조항은 어긋난다며 내년 월 일을 시한으로 개정하라고 결정했다 뉴시스 빅데이터 주가시세표 바로가기 뉴시스 페이스북 트위터 "
"29"," 김기현 전 시장 측 고위 공직자 대폭 물갈이설송철호 울산시장 당선인이 일 오전 서울 여의도 국회 더불어민주당 대표실에서 열린 나라다운 나라 든든한 지방정부 실현을 위한 국민과의 약속 선포식 에서 인사말을 하고 있다 뉴스 박정호 기자 울산 뉴스 김기열 기자 오는 월 일 울산시장을 비롯한 개 구 군 지방권력이 모두 더불어민주당으로 교체되면서 민선 기 출범과 함께 대규모 인사가 예고돼 울산지역 공직사회가 크게 술렁이고 있다 특히 송철호 울산시장 당선인이 우리 사회에 만연한 지역주의 학연주의 혈연주의는 공정한 사회를 가로막는 적폐 라며 적폐청산을 강조해 울산시의 인사부문에서 큰 변화가 예상된다 일 울산시에 따르면 월말로 퇴임을 하거나 공로연수에 들어갈 급 사무관 이상 요원은 총 명이다 이들 가운데 가장 고위급인 경제부시장과 급인 의회사무처장 급인 복지여성국장 도시창조국장 상수도사업본부장 등 명의 후임 인사에 관심이 쏠리고 있다 이미 송 당선인을 최측근에서 보좌하는 비서실장에 유희곤 송 당선인 수행팀장이 내정됐으며 민주당과 협의해 정부에 추천하는 경제부시장에는 울산시 전국장 등 명이 물망에 오르고 있다 또 김기현 전시장 밑에서 승승장구한 나머지 급 이상 고위 공무원들도 대폭 물갈이가 예상된다 평소 공직사회의 안정화를 강조한 송 당선인은 큰 틀에서 기존 조직을 우선으로 하고 변화와 개혁을 위해서는 외부인사 수혈도 필요하다 는 입장을 밝혀 부시장 등 고위직에 외부인사의 영입도 배재할 수 없는 상황이다 이에 따라 새 시장 취임 후 부서별로 기존 조직이 없어지거나 새로운 조직이 생기면서 대폭은 아니라도 중폭 이상의 인사도 뒤따를 것이라는 예상이 우세하다 특히 선거 후 논공행상의 대상이 되는 울산지역 공기업 사장과 유관 기관장은 더욱 좌불안석이다 김기현 전시장 시절 임명된 울산시 산하 울산도시공사와 시설관리공단 울산신용보증재단 울산테크노파크 울산경제진흥원 울산발전연구원 등 여개 공사 공단 출자 출연 기관의 기관장과 임원 등은 자진 사퇴하거나 대부분 교체가 예상된다 울산지역 개 구군 단체장도 모두 민주당 후보 당선으로 대규모 인사가 예상돼 지역 공직사회 안팎으로 어수선한 분위기가 당분간 이어질 전망이다 뉴스 채널설정하기 제보하기 러시아 월드컵 기사보기 뉴스 코리아 무단 전재 및 재배포 금지 "
"30"," 줄줄이 양심적 병역거부하면 전쟁에선 누가 싸우나 법에 명시돼 있으니 가는 것 대체복무 년은 해야 다양한 생각 존중하는 시대 대체복무제 지지 의견도 국회가 빠르게 병역법 개정해 시대적 요구에 응해야 철원 뉴시스 전신 기자 사단 수색대대 장병들이 강원도 철원 작전지역에서 신년 첫 전술행군을 하고 있다 서울 뉴시스 사건팀 대체복무제를 도입해야 한다는 헌법재판소 헌재 의 결정을 둘러싸고 여론이 들썩이고 있다 특히 병역 의무를 마친 남성들을 중심으로 반발이 거세다 이들은 좋아서 군대에 가는 사람이 어디 있느냐 는 식으로 이해할 수 없다는 반응을 보이며 분단국가에서의 병력지원 손실을 우려했다 반면 양심의 자유를 보장하는 시대의 흐름에 맞춰 양심적 병역거부와 대체복무가 가능하도록 해야 한다는 목소리도 상당하다 헌재는 일 양심적 병역거부자에 대한 대체복무제를 규정하지 않은 병역법 조항은 헌법에 어긋난다며 내년 월 일을 시한으로 관련 법을 개정하라고 결정했다 국방부는 이같은 결정이 나온 직후 최단 기간 내에 대체복무제 관련 정책을 확정하겠다 는 입장을 내놨다 이에 대해 서울 노원구에 거주하는 김모 회사원 씨는 시대가 아무리 바뀌어도 분단국가라는 특성이 있다 종전도 아니고 휴전인 상황에서 대체복무제를 도입하면서까지 양심적 병역거부자들을 배려할 필요가 있느냐 며 가뜩이나 과거에 비해 현역 복무기간도 많이 줄었는데 양심적 병역거부까지 줄줄이 하게 되면 전쟁에서 싸울 수 있는 병력이 얼마나 될지 걱정 이라고 말했다 회사원 김모 씨는 최전방에는 누가 가고 싶어서 가느냐 누구는 총 있는 데서 훈련받고 싶어서 가느냐 며 가야 하고 법에 명시돼 있으니 가는 것이다 대체복무를 하려면 년 정도 하든가 해야지 웬만해선 현역 복무와 절대 같을 수 없다 고 강조했다 공보의 복무가 예정된 의대생 홍모 씨는 모두 자유를 반납해가면서 년을 억지로 보내는데 신념이 다르다고 안 가면 군대는 대체 누가 가냐 며 병역 회피의 한 방법으로도 이용될 것이 뻔하다 고 내다봤다 시민 고모 씨는 차라리 통일돼서 모병제가 되기를 바라긴 해도 대체복무제식으로 군대에 안 가는 건 말도 안 된다 며 군대 안 가야 하는 이유는 누구나 있다 이런 사연을 일일이 어떻게 판단할 것이냐 고 꼬집었다 대체복무제가 도입될 경우 인맥 등을 이용한 특혜가 난무할 것이란 우려도 나왔다 서울 뉴시스 월 일 충남 논산 육군훈련소에서 열린 새해 첫 입영행사에서 장정들이 입영식을 하고 있다 사진 육군 제공 직장인 김모 씨는 안 그래도 군 보직 관련 특혜 의혹이 많다 며 국방부의 신뢰가 땅에 떨어진 상황에서 대체복무자에게 혜택이 없을 거라고 믿을 수 있을지 의문 이라고 지적했다 포털사이트 네이버에 달린 관련 기사 댓글도 비난 일색이다 추천을 많이 받은 댓글들을 보면 아이디 는 양심적 병역거부 군대 갔다 온 모든 국민은 비양심적이기에 군대 갔다 온 거니 라고 적었다 는 전역한 지 달 된 사람인데 대체복무가 있으면 연기해서 대체복무하고 말지 미쳤다고 현역 갔다 왔냐 고 반문했다 는 국가안보 역대사상 최악 이라고 단언했다 양심을 보호하기 위한 현실적 대책을 세울 때라는 의견도 나왔다 국방부는 앞서 년 개월 기간의 대체복무제 도입을 발표했지만 국민적 합의가 이뤄지지 않았다는 이유로 계획을 전면 철회했다 개월은 현역 복무 개월 보다 년 개월 긴 기간이다 서울 서대문구 주민 최모 씨는 다양한 생각을 존중하는 시대가 됐음에도 양심적 병역거부자에 대한 처벌이 정당하다는 결정이 나온 점은 아쉽다 며 그래도 대체복무 규정이 필요하다는 결정이 나온 점은 고무적이다 국회가 병역법 개정을 통해 빠르게 시대적 요구에 응했으면 좋겠다 고 말했다 직장인 김모 씨는 정당한 사유로 이뤄지는 대체복무를 체계적으로 운영한다면 오히려 일반적인 군 복무보다 좀 더 효율적일 수 있다 고 판단했다 뉴시스 빅데이터 주가시세표 바로가기 뉴시스 페이스북 트위터 "
"31"," 골목상권 논란 재판관 대 의견으로 합헌 결정   김승모 기자 이진성 헌법재판소장 가운데 을 비롯한 헌법재판관들이 일 오후 서울 종로구 헌법재판소 대심판정에 참석했다 사진 황진환 기자 대형마트와 기업형 슈퍼마켓의 영업시간을 제한하거나 의무휴업일을 지정할 수 있도록 한 유통산업발전법은 헌법에 어긋나지 않는다는 헌법재판소 판단이 나왔다 헌재는 일 유통산업발전법 제 조의 에 대해 청구한 헌법소원심판 사건에서 재판관 대 의견으로 합헌 결정했다 헌재는 해당 조항은 강한 자본력과 시장지배력을 가진 소수 대형유통업체 등의 독과점에 의한 유통 거래질서 왜곡을 방지하고 전통시장과 중소유통업자들을 보호함으로써 건전한 유통질서를 확립한다 며 목적의 정당성을 인정했다 또 영업일과 영업시간을 일부 제한하는 방법은 입법목적을 달성하는 데 유효한 수단이 되므로 수단의 적합성도 인정된다 고 덧붙였다 헌재는 대형마트 등과 전통시장이나 중소유통업자들의 경쟁을 그대로 방임한다면 결국 대형마트 등만이 유통시장을 독과점하고 전통시장과 중소유통업자들은 현저히 위축되거나 도태될 개연성이 매우 높다 고 지적했다 그러면서 유통시장에서의 공정한 경쟁 질서가 깨지고 중소상인들의 생존 위협으로 경제영역에서의 사회정의가 훼손될 수 있다 라고 밝혔다 반면 조용호 재판관은 해당 조항은 경쟁 의 촉진이 아닌 경쟁자 를 보호하기 위한 경제적 규제로서 불공정 거래행위 등 법 위반행위가 있기도 전에 대형마트 등의 영업시간을 제한하고 의무휴업을 강제한다 며 규제 조항은 그 자체로서 자유롭고 공정한 경쟁을 불가능하게 하고 자유시장 경제질서의 근간을 흔드는 것이어서 적합한 수단이라고 볼 수 없다 고 반대의견을 냈다 유통발전법 조의 는 지자체장이 오전 시부터 오전 시까지 대형마트의 영업시간을 제한할 수 있도록 하고 매월 이틀을 의무휴업일로 지정할 수 있도록 규정한다 인천 중구청 청주시 등 지방자치단체에서 이 규정을 근거로 년 지역 내 대형마트에 오전 시부터 오전 시나 시까지 영업을 제한하고 매달 둘째 넷째 주 일요일을 의무휴업일로 지정하자 대형마트 측은 헌법소원을 냈다 헌재는 지난 월 공개변론을 열고 사건 관계인 등의 의견을 듣기도 했다 이시각   기자와 카톡 채팅하기   영상 구독하기 저작권자   무단전재 및 재배포 금지 "
"32"," 헌재 판결에 엇갈리는 여론 헌법재판소가 종교적 신념이나 양심을 이유로 병역을 거부한 자를 처벌하는 것이 위헌인지 판단 내리는 일 헌재 정문 앞에는 많은 사람들이 몰려들었다 양심적 병역거부를 반대하는 시민과 단체들은 종교적 신념이나 양심을 이유로 입영을 거부한 사람을 처벌하는 병역법 조항이 합헌이라는 헌법재판소 판단에 대한민국 만세 를 외치며 환호했다 그러나 얼마 지나지 않아 헌재가 대체복무제를 병역의 종류로 규정하지 않은 같은 법 조는 헌법 불합치라는 소식이 들리자 반대편에 있던 양심적 병역거부자들과 이들과 뜻을 함께 하는 사람들이 기뻐했다 ■ 대체복무제 시대적 흐름 도입 서둘러야 병역거부자들은 대체복무제 규정 없는 병역법 조항은 헌법불합치라는 헌재 판단에 일제히 환영의 뜻을 나타냈다 병역거부자인 이용석 전쟁없는세상 활동가는 한국 사회가 변화하고 여론도 예전과 달라졌다는 시대적 흐름이 반영된 만족스러운 결과 라며 이제 모두가 만족할 수 있는 대체복무제를 도입해야 한다 고 말했다 또 다른 병역거부자인 이승규씨는 대체복무제는 문재인 대통령의 공약이었던 만큼 이제라도 그 기반이 마련돼 다행 이라며 그동안 대체복무제가 없는 현실에서 병역거부를 했다는 이유로 전과자가 돼 많은 고충이 있었는데 앞으로는 더 이상 우리 같은 사람이 나오지 않길 바란다 고 밝혔다 황수영 참여연대 평화군축센터 팀장은 대체복무제를 하루라도 빨리 도입해서 병역거부자들이 감옥 가는 상황을 막아야 한다 고 했다 한상희 건국대 법학전문대학원 교수는 대체복무제는 진작 병역법 개정으로 해결됐어야 하는 사안으로 이제 국회에서 조속히 이 문제를 해결해야 한다 고 강조했다 ■ 군대 간 사람은 비양심적 이날 헌재 앞에 피켓을 들고 나타난 바른군인권연구소와 자유와인권연구소 관계자들은 대체복무제가 규정되지 않은 현행법이 헌법에 어긋난다는 헌재 판단에 당황해 하는 모습이었다 양심적 병역거부라고 하는데 그럼 현역으로 가는 사람들은 비양심적인 거냐 는 불만이 여기저기서 나왔다 김모씨 여 는 나라 자체가 정전 상태인데 특정 종교나 세력만 혜택을 입으면 나라가 도미노처럼 무너질 수 있다 며 개인을 너무 중시하면 국가나 공동체가 위험할 수 있다 고 주장했다 군복을 연상케 하는 셔츠에 선글라스를 착용하고 나온 이모씨 는 이건 자칫하면 군대를 피하는 편법의 수단으로 악용될 수도 있다 며 모든 국민들이 군대에 가도록 의무화하는 게 좋지 누군가만 혜택을 받는 것은 말이 안 된다 고 문제를 제기했다 구자윤 최용준 기자 세상의 모든 골 때리는 이야기 파스 속보이는   스타 저작권자 ⓒ   무단 전재 재배포 금지 "
"33"," 한경 이공계 대학 평가평판도 특이점 분석학비 저렴하고 장학금 많아우수인력 몰려 입시경쟁률↑중위권대 순위 변동 큰 편숙명여대 계단 올라 위 이현진 기자 대학 평판도는 그 대학이 설립된 이후 쌓아온 이미지의 총량과 비례한다 신설 대학보다는 역사가 오랜 대학이 유리할 수밖에 없다 평판도 순위도 짧은 기간에 바뀌기 힘들다 한경 이공계 대학 평가 평판도 조사에서는 특징적인 변화가 나타났다 과학기술원의 평판도 상승세가 두드러졌다는 점이다 세워진 지 상대적으로 오래된 는 서울대 연세대 고려대에 이어 지난해와 같은 위를 차지했다 반면 광주과학기술원 대구경북과학기술원 의 순위가 크게 올랐다 는 계단 오른 위 는 계단 높은 위에 올랐다 고등교육법에 근거한 일반대학과 달리 과기원은 특별법인 과학기술원법에 따라 설립 운영된다 대학마다 자체 학위과정을 두며 특수대학 국립대학 공과대학 자연과학대학의 특성을 모두 갖추고 있다 한 대기업 인사담당 임원은 과기원은 교육기관인 동시에 연구기관 이라며 정부가 과학기술 발전을 위해 운영하는 기관인 만큼 신뢰도가 높다 고 설명했다 각종 지원이 뛰어나 우수 인력이 몰리면서 과기원에 대한 평판도가 제자리를 잡아가고 있다는 분석도 나온다 서울지역 한 대학의 평가담당자는 과기원이 한경 이공계 대학 평가 에서 좋은 성적을 얻으면서 대학 관계자 재학생 학부모 졸업생은 물론 일반인에게 좋은 이미지를 형성하고 있다는 방증 이라고 말했다 이공계 인재와 관련 과기원의 평판은 앞으로도 좋아질 가능성이 크다 연구 기반이 잘 갖춰져 있고 학비가 저렴하며 장학금 혜택도 풍부하기 때문이다 이들 대학의 입시 경쟁은 상당히 치열한 편이다 학년도 대 과기원 는 정시 폐지 정시 최종 경쟁률은 대 이다 비교적 신생인 는 대 에서 대 로 는 대 에서 대 로 전년보다 경쟁률이 높아졌다 상위권보다는 중위권에서 평판도 순위 변동이 컸다 위를 차지한 숙명여대는 지난해 위 보다 계단 뛰어올랐다 숙대는 인문학적 소양 위 에서 높은 순위를 보이며 전체 평판도를 끌어올렸다 년 신설된 공과대학은 년 만에 신입생 정원 비중이 에서 로 늘었다 숙명여대 내 공학을 복수전공이나 부전공으로 삼는 학생도 명에서 명으로 배 가까이로 증가했다 숙명여대 관계자는 공학계열을 복수전공하려는 학생은 기초공학부 전임교원에게 체계적으로 진로 관리를 받게 하는 등 이공계 육성에 힘쓰고 있다 고 말했다 이 밖에 숭실대 위→ 위 영남대 위→ 위 광운대 위→ 위 는 모두 전년보다 계단 상승했다 숭실대는 조직친화력 위 에서 비교적 높은 순위에 올랐다 광운대는 조직친화력 위 창의적 문제해결 방식 위 전공이론 이해수준 위 실용적인 연구 및 기술개발 역량 위 등에서 고루 준수한 평판도를 보였다 한 대기업 인사담당자는 광운대는 이공계열 학과를 중심으로 실용적인 학문을 가르친다는 이미지가 강하다 며 교수나 학생 학풍 등을 보면 세간의 시선보다는 자신의 연구에 치중하는 분위기 라고 평가했다 이현진 기자 한경닷컴 바로가기 글방 모바일한경 구독신청 ⓒ 한국경제 무단전재 및 재배포 금지 "
"34"," 사용자측 일방적 도입 동의서 서명 강요하기도 다음달부터 주 최대 시간 근무제 시행을 앞두고 한 지방의 공공기관은 청원경찰 근무자들에 대해 감시 監視 단속 斷續 직을 신청할 지 고민하고 있다 밤낮으로 건물 경비를 담당하는 청경 업무상 주 시간 가까이 일한다 고용노동부로부터 감단직 승인을 받으면 노동시간 단축 대상에서 제외돼 기존처럼 업무를 볼 수 있기 때문이다 ■주 시간 면피 面皮 감단직 문의 쇄도 일 고용부에 따르면 감단직 근로자는 법 적용 제외 대상이다 근로시간 및 휴게 휴일 관련 적용을 않아 주 시간을 초과해 업무를 해도 법적 문제가 되지 않는다 또 주휴수당이나 각종 가산 수당을 지급하지 않아도 된다 감단직의 경우 경비업무만 하거나 실제 근무시간보다 대기시간이 많아 노동 강도가 낮은 경우에만 신청이 가능하고 고용부 장관의 승인을 받아야 한다 이 때문에 업종 곳곳에서 감단직을 주 시간 회피용으로 악용하는 사례가 나타나고 있다 한 노무사는 고용부에서 감단직에 대해 주 시간 초과 근무가 가능하다고 하자 감단직 관련 문의가 이어지고 있다 며 기업은 가산 수당까지 지급하지 않아도 된다는 것을 알고 노동시간 단축을 피할 대안이라고 느끼는 것 이라고 했다 특히 기업 임원의 운전기사들은 직격탄을 맞고 있다는 것이다 고용부가 감단직 사례로 대기시간이 많은 임원 운전기사를 언급하면서부터다 삼성전자나 그룹 등 대기업들은 일찌감치 운전기사에 대해 감단직을 적용하고 있는 것으로 알려졌으며 중견 및 중소기업까지 확산되고 있다 한 중소기업 임원 운전기사인 박모씨 는 회사가 노동시간 단축 문제로 단속직 신청을 하겠다고 했다 그런데 운전을 하지 않는 대기시간에는 회사에서 서류 작업을 하는데 단속직 적용은 부당하다 며 주 시간 단축근무는 커녕 임금만 줄어드는 피해를 입게 될 판 며 분통을 터뜨렸다 감단직 신청을 하려면 각 직원마다 업무 특성을 고려해야 하지만 신청이 무분별하게 이뤄져 갈등을 키운다는 지적도 일고 있다 청원경찰들이 모이는 한 인터넷 사이트에는 감단직 적용 문제를 놓고 청경들의 불만이 가득하다 이들은 국가 중요시설의 경비를 맡고 있어 업무 중 높은 집중력이 요구된다고 하지만 일부 기업에서는 노동시간 단축 문제로 감단직 신청을 시도하기 때문이다 년째 한 공공기관에서 청원경찰로 일한 이모씨 는 최근 회사에서 휴게시간을 늘리는 방안이나 감단직 적용 방안을 고민하는데 많은 청원경찰들은 감단직은 안된다 고 반발해 혼란이 크다 고 말했다 그는 노동청에 물어봐도 특수 경비 업무가 감단직종에 해당될 수 있는지 감독관의 의견이 저마다 달라 갈피를 못 잡겠다 라고 덧붙였다 ■무분별한 신청과 승인 최근 년 승인률 근로자의 동의 없이 감단직을 도입하는 사례도 발생한다 감단직을 신청할 때 직원 동의가 필요하지만 지켜지지 않는 것이다 올해 월 청와대 청원게시판에 회사로부터 감단직 서류에 서명하란 강요를 받았다는 글이 올라왔다 글쓴이는 한 대기업의 하청업체 소속 직원이라고 밝히며 노동시간 단축 시행을 앞두고 회사는 우리가 주 평균 시간을 근로하고 있어 감시 단속적 근로자 동의서에 서명을 하라고 했다 며 우리는 단속적 근로자가 아닌데도 동의서에 서명을 하지 않을 시 퇴사 처리된다는 얘기를 했다 고 밝혔다 감단직 승인 절차에 허점이 많다는 지적도 나온다 고용부는 년 만 건의 감단직 신청 중 만 건 을 승인했다 최근 년간 평균 승인율도 약 다 근로감독관들이 심사과정에서 현장점검을 하지 않고 서류심사로만 승인을 남발하기 때문이다 이에 일부 기업은 서류 내용을 조작하기도 하는 것으로 전해졌다 박성우 노동인권실현을 위한 노무사모임 대표는 감독관이 현장실사를 하지 않고 감단직 승인을 내주기도 하는데다 한번 적용되면 이를 취소하기도 어렵다 고 다른 노무사는 자문 기업에서 감단직 적용 대상이 아니어도 서류를 잘 좀 만들어 달라 고 부탁하는 사례도 있다 고 지적했다 고용부는 감단직 심사 과정에서 현장실사를 의무화하도록 규정을 바꾸겠다고 했지만 구체적인 시점은 미정이다 고용부 관계자는 시간 근로시간 단축을 앞두고 이를 피하기 위해 감단직 신청을 하는 문제를 알고 있다 며 현행 근로감독관 집무규정에는 감독관이 서류심사 혹은 현장점검을 재량으로 결정하게끔 돼 있는데 하반기 중으로 현장점검을 의무화하도록 규정을 개정할 것 이라고 말했다 김규태 기자 세상의 모든 골 때리는 이야기 파스 속보이는   스타 저작권자 ⓒ   무단 전재 재배포 금지 "
"35"," 뉴스콘서트 ◀ 앵커 상속세 탈루와 횡령 등의 혐의를 받고 있는 조양호 한진그룹 회장이 검찰에 피의자 신분으로 참석해 조사를 받고 있습니다 서울 남부 지검에 나가 있는 취재 기자 연결해보겠습니다 이지수 기자 조사는 어느 정도 진행이 된 건가요 ◀ 기자 네 조 회장은 오늘 일 오전 시 반쯤 출석해 시간 반째 조사를 받고 있습니다 그 사이 두 차례 휴식을 취했고 점심에는 직접 챙겨온 도시락을 먹은 것으로 알려졌습니다 검찰청사에 들어가기 앞서 조 회장이 간단한 입장을 밝혔는데요직접 들어보시겠습니다 조양호 검찰 조사에 성실히 임하겠습니다 상속세는 왜 안 내신 겁니까 검찰에 모든 걸 말씀 드리겠습니다 횡령과 배임 혐의는 인정하십니까 조현아 씨 변호사비 의혹도 나왔는데 그것에 대해서는 어떻게 생각하세요 죄송합니다 직원들 퇴진 요구하고 있는데 회장직 물러나실 생각 없으세요 ◀ 앵커 기자들의 질문에는 구체적인 답변은 피한 것으로 보이는데 어떻게 조사에서는 혐의를 인정을 하고있나요 ◀ 기자 현재까지 조 회장은 자신과 관련된 혐의를 모두 부인하고 있는 것으로 알려졌습니다 조 회장이 받고 있는 혐의는 조세포탈과 횡령 배임 이렇게 세 가지인데요 검찰은 우선 조 회장이 계열사에 일감을 몰아주고 땅콩회항 사건 당시 조현아 전 부사장의 변호사 비용을 회삿돈으로 대납했다는 의혹에 대해 추궁하고 있습니다 한진 일가 소유의 면세품 중개업체를 통해 이른바 통행세 를 챙겼다는 의혹에 대해서도 조사 중인데요 이렇게 회삿돈을 빼돌리거나 손해를 끼친 규모만 백억 원에 달하는 것으로 알려졌습니다 횡령과 배임에 대한 조사가 끝나면 조세포탈과 관련한 의혹을 물을 예정인데요 검찰은 조 회장이 아버지 조중훈 전 회장의 재산을 물려받으면서 남매들과 함께 내야 할 상속세 백억 원을 내지 않은 걸로 보고 있습니다 검찰은 추후 조 회장을 다시 부르기보다 자정을 넘기더라도 모든 조사를 마친다는 계획입니다 검찰은 조사가 끝나는 대로 조 회장에 대한 구속영장 청구 여부를 검토할 방침입니다 지금까지 서울 남부지검에서 뉴스 이지수입니다 이지수 기자 저작권자 무단복제 재배포 금지 "
"36"," 임경식 한국산업인력공단 서울지역본부장 문송 문과라서 죄송합니다 인구론 인문계열 졸업자는 가 논다 은 최근 청년 사이에서 회자되고 있는 신조어 중 하나다 지난해 교육부에서 발표한 자료에 따르면 인문계열 졸업 청년들의 취업률은 로 역대 최저치를 기록했다 이는 대한민국의 많은 인문계 년제 대졸 청년들이 상대적으로 더 높은 취업절벽에 서 있다는 것을 보여준다 이를 타개하기 위한 대안으로 고용노동부와 한국산업인력공단은 지난해부터 청년취업아카데미를 인문특화 청년취업아카데미 로 개편해 교육과정 약정 인원의 절반 이상을 인문 사회 예체능계 학생으로 선정하도록 의무화하는 등 인문계 취업준비생의 또 다른 취업 돌파구 마련을 지원하고 있다 년부터 시작된 청년취업아카데미는 운영기관과 대학이 협력해 무역 정보기술 관광 서비스 등 청년들이 원하는 직무분야와 관련된 다양한 교육 과정을 운영함으로써 취업 역량을 갖춘 실무형 인재를 양성하고 기업으로 취업할 수 있도록 지원하는 사업이다 청년취업아카데미는 지역 고용센터에서 운영하는 취업성공패키지 와 결합해 고용센터에서 진로지도 상담 후 청년취업아카데미 교육과정에 참여하고 이에 대해 학점 부여 및 취업성공패키지 수당을 받는 등 다양한 취업지원제도와의 연계 활용도 가능하다 올해 공단이 지정한 청년취업아카데미 사업은 전국 개 기관이 개 과정을 진행하고 있다 그중 서울지역본부에서는 개 기관이 빅데이터 소셜마케팅 전문인력 양성과정 등 개 과정을 운영하고 있다 청년취업아카데미과정에 참여한 연수생들은 높은 만족도를 보이고 있다 프로그램에 참여한 대 중문과 이모씨는 인문특화 청년취업아카데미에서 현장전문가 멘토링을 통해 해당 직무와 관련 업계의 개념을 구축하고 이해도를 높일 수 있었던 점이 특히 좋았다 고 말했다 경제협력개발기구 발표자료에 따르면 한국 청년층의 취업률은 로 개 회원국 가운데 끝에서 일곱 번째다 취업률이 하위 그룹을 맴도는 동안 우리 청년들은 삼포 연애 결혼 출산 세대 에서 포세대 까지 많은 것을 포기하고 있다고 우스개처럼 이야기하고 있다 지금도 묵묵히 취업준비를 하고 있을 청년들이 인문특화 청년취업아카데미 프로그램 을 통해 좋은 일자리를 찾았으면 좋겠다 장기적으로는 기업의 수요에 부합하는 과정을 통해 대학과 기업 간 간극을 좁혀 청년층 취업난 해소에 기여하기를 기대해 본다 한경닷컴 바로가기 글방 모바일한경 구독신청 ⓒ 한국경제 무단전재 및 재배포 금지 "
"37"," 충남 서천군 희망택시버스 미운행지역 대상월평균 명 이용 개 시군으로 확산 서천 김원준 기자 충남 서천군이 첫 도입한 희망택시 가 전국 농산촌과 오지마을 주민들의 발노릇을 톡톡히 하고 있다 희망택시 사진 는 시내버스가 드물게 운행하거나 아예 다니지 않는 교통취약지역 주민을 위한 교통복지 시스템으로 필요할 때 택시를 불러 이용할 수 있도록 하는 제도다 일 서천군에 따르면 희망택시는 지난 년 농림축산식품부의 농촌형 교통모델시범사업 공모에 선정되면서 같은해 월부터 전국에서 처음으로 시행됐다 서천군은 본격시행에 앞서 월 서천군 농어촌 버스 미운행지역 마을택시 운행 및 이용주민 지원에 관한 조례 를 제정 제도를 뒷받침했다 처음에는 농어촌버스가 다니지 않는 개 마을에서 운행을 시작했다 ㎞거리인 면 소재지까지 요금은 단돈 원 ㎞ 거리인 군청 소재지까지는 버스요금과 동일한 인당 원의 이용요금만 받았다 그래서 붙여진 이름이 원 택시 다 택시회사는 승객에게서 받은 원을 제외한 차액을 지방자치단체나 중앙정부 예산에서 지급받게 된다 서천지역에서 희망택시 이용자수는 일평균 명으로 월평균 명에 이른다 서천군은 희망택시 운행으로 농어촌 버스 벽지 비수익 노선을 줄일 수 있게돼 연간 억 만원의 예산절감효과를 보고 있는 것으로 분석했다 서천군의 희망택시가 성공적으로 정착되고 있다는 사실이 알려지면서 다른 지자체의 벤치마킹이 잇따랐다 처음에는 충남 일부 시군에서 시스템을 배워갔지만 빠른 속도로 전국 지자체로 퍼져나갔다 대표적인 지자체는 전남도 전남도는 개 시군에서 희망택시를 운행중이다 경기도와 울산시 경남 하동 등지에서도 마중택시 따복택시 등 다양한 이름으로 비슷한 제도를 운영중이다 문재인 대통령도 대선 직전인 지난해 월 원 택시를 전국적으로 확대하겠다는 뜻을 내비치기도 했다 이러한 호응에 힘입어 농림부는 올해부터 이같은 농촌형 교통모델 사업 대상지를 전국 개 군지역으로 확대하고 나섰다 택시뿐만아니라 버스형태로도 확대한다 버스를 활용한 셔틀 콜 혼합형 등 가지 유형을 제시해 지자체가 선택할 수 있도록했다 셔틀방식은 일정 노선을 설정해 정기적으로 버스가 이동하는 형태다 오전 시 이전에는 학생과 직장인의 등교와 출근용으로 오전 시이후에는 오지형 신도시순환형 산업단지형으로 운행하는 방식이다 콜방식은 택시형 모델과 마찬가지로 주민이 부르면 찾아가는 버스로 콜센터를 통해 직접 전화를 걸어 부르면 버스가 오는 시스템이다 농림부는 이를 위해 억언의 예산을 투입했다 사업비 지원비율도 국비 시군비 에서 국비 시도비 시군비 로 변경했다 서천군 관계자는 희망택시는 대중교통을 복지의 영역으로 끌어와 주민들의 이동권을 보장했다는데 의미가 있다 면서 현재는 주로 노인층이 이용하고 있지만 원거리 통학학생 등 다양한 계층이 이용할 수 있도록 보완해 나갈 계획 이라고 말했다 김원준 기자 세상의 모든 골 때리는 이야기 파스 속보이는   스타 저작권자 ⓒ   무단 전재 재배포 금지 "
"38"," 한경 이공계 대학 평가 캡스톤 디자인 순위 분석산기대 실습작품 제출해야 졸업한동대 영남대 인하대 뒤이어 조아란 기자 코리아텍 한국기술교육대 이 다음달 일까지 해외 공과대학과 함께 진행하는 글로벌 캡스톤 디자인 프로그램 의 수업 모습 이번 프로그램에는 해외 개국 개 대학의 외국인 학생 명과 코리아텍 재학생 명이 참여한다 코리아텍 제공경복대 작업치료과 학년 학생들은 최근 한 손으로 편하게 치약을 짤 수 있는 압출기를 개발해 기술특허를 출원했다 한쪽 몸이 마비된 환자가 한 손으로 칫솔에 치약을 짜서 양치질할 수 있게 한 장치다 학생들이 이 장치를 개발한 것은 캡스톤 디자인 과목의 과제물로 제출하기 위해서였다 경복대는 작업치료과 학생들이 학년이 되면 캡스톤 디자인 과목을 듣도록 하고 있다 수업을 듣는 학생들은 개 팀을 이뤄 작품을 제작하는 과제를 수행한다 캡스톤 디자인은 공학계열 학생들에게 졸업논문을 작성하는 것 대신 작품을 기획 설계하고 제작하는 과정을 경험하게 하는 교육과정을 말한다 산업현장에서 맞닥뜨릴 수 있는 문제에 대한 해결 능력을 길러주고 현장 수요에 적합한 창의적인 기술 인력을 양성하기 위해 도입됐다 학생들이 아이디어를 내면 교수와 연구원이 도움을 줘 시제품과 완제품을 제작한다 한국경제신문은 이공계 대학 평가 와는 별도로 대학별 캡스톤 디자인 이수학생 비율을 조사했다 평가지표로 활용하지는 않았지만 공학계열에서 창의적이고 실용적인 교육이 이뤄지고 있는지 파악하기 위해서다 조사 결과 캡스톤 디자인 수업이 가장 활발하게 진행되는 대학은 코리아텍 한국기술교육대 이었다 캡스톤 디자인 과목을 이수한 학생 수를 공학계열 학년 학생 수 공학계열 재학생 수의 분의 로 나눠 을 곱한 값인 이수학생 비율이 였다 코리아텍 학년 학생 인당 평균 회의 캡스톤 디자인 수업을 들었다는 의미다 코리아텍은 수업을 많이 듣도록 하는 데서 더 나아가 다변화를 꾀하고 있다 코리아텍은 지난 일부터 다음달 일까지 주간 해외 공과대학 재학생이 함께 참여하는 글로벌 캡스톤 디자인 프로그램 을 운영한다 개국 개 대학에서 찾아온 명의 외국 학생과 코리아텍 재학생 명이 모여 에너지 전기전자 기계 분야 이론수업을 듣고 실습한다 위를 차지한 한국산업기술대 산기대 는 이수학생 비율이 로 학생당 평균 회의 캡스톤 디자인 수업을 듣는 것으로 조사됐다 산기대는 전교생이 캡스톤 디자인 작품을 출품해야 졸업이 가능한 현장 기반 교육을 하는 것으로 유명하다 산기대 관계자는 작년도 졸업생의 정규직 취업률이 에 달하는 것으로 조사됐다 며 현장 기반 교육이 높은 취업률의 원동력 이라고 말했다 한동대 영남대 인하대는 이수학생 비율이 각각 로 위를 차지했다 로 위를 차지한 동아대는 작년 부산권역 개 대학이 참가한 캡스톤 디자인 경진대회에서 최우수상과 우수상을 휩쓸었다 동아대 신소재공학과 학년 학생들이 참여한 풍뎅쓰 팀은 열이 순환하도록 설계된 흰개미 집의 원리를 활용 곤충 사육 시스템을 개발해 최우수상을 받았다 한경 이공계 대학 평가 종합순위 위권 대학 가운데 캡스톤 디자인 이수학생 비율이 높은 곳은 한양대 위 가 유일했다 조아란 기자 한경닷컴 바로가기 글방 모바일한경 구독신청 ⓒ 한국경제 무단전재 및 재배포 금지 "
"39"," 여가부ㆍ과기부 변형카메라 등록제 도입 입법 추진 유영민 과학기술정보통신부 장관 왼쪽 과 정현백 여성가족부 장관이 일 오전 서울 종로구 정부서울청사 여성가족부 회의실에서 만나 디지털 성범죄 근절 협력방안을 논의하고 있다  작은 흠집을 메우는 인테리어 용품인 퍼티 일명 빠데 는 요즘 생활용품점에서 없어서 못 팔 정도로 인기다 몰래카메라 등 불법 촬영 불안에 시달리는 여성들이 공중화장실 등에서 작은 구멍을 메우는 용도로 구매하기 때문이다 소셜네트워크서비스 에는 빠데가 없어서 대신 실리콘을 샀다 는 등의 구매 후기와 사진이 종종 올라온다 안경 손목시계 휴대폰 케이스 명함지갑 등등 겉보기엔 평범한 물건으로 위장한 변형카메라가 일반인에게 쉽게 팔리고 불법 촬영에 악용되는 사례가 끊이지 않으면서 정부가 이를 등록ㆍ관리할 계획을 밝힌 지 개월이 지났지만 여전히 규제가 전무한 상황이다 디지털 성범죄 근절 을 요구하는 여성들의 목소리가 갈수록 커지자 관계부처들이 구체적인 입법 마련을 위해 고삐를 죄는 모양새다 정현백 여성가족부 장관과 유영민 과학기술정보통신부 장관은 일 오전 정부서울청사에서 만나 변형카메라 판매 규제 등 관리 감독을 위한 입법 추진에 속도를 내기로 했다 위장형ㆍ변형 카메라를 제조 수입 판매하고자 하는 자는 신상정보를 등록하도록 하고 몰카 현황 파악을 위한 이력정보 시스템도 구축하도록 관련 법 개정을 추진한다는 것이다 앞서 정부는 지난해 월 디지털 성범죄 종합대책 을 발표하며 변형카메라 규제에 적극 나서기로 한 바 있다 현재 국회에 변형카메라 등록ㆍ관리를 위한 변형카메라의 관리에 관한 법률안 장병완 의원ㆍ 년 월 위장형카메라의 관리에 관한 법률안 진선미 의원ㆍ 년 월 이 발의돼 있지만 별다른 논의 진전 없이 계류돼 있다 이에 여가부는 신속한 입법 추진을 국회에 촉구하고 과기부는 정부안 추가 입법 필요성을 검토할 계획이다 규제 입법이 지지부진한 가운데 불법촬영 범죄는 갈수록 늘어나고 있다 경찰청의 카메라 등을 이용한 촬영범죄 현황 에 따르면 불법촬영 범죄는 지난해 건으로 년 건 보다 증가했다 이에 두 장관은 인공지능 빅데이터 기술을 활용해 신체 이미지나 소리 동작의 음란성을 분석해 유해정보를 차단하는 기술을 개발하고 이를 활용해 음란 동영상을 차단하기로 했다 년 말까지 유해정보 차단기술이 개발되면 방송통신심의위원회 음란물 심의활동 외에 민간사업자들도 자정 활동에 활용할 것으로 보인다 김지현 기자 명동역 인근 생활용품 가게 다이소에 진열된 실리콘 제품 이순지 기자 한국일보 페이스북 카카오 친구맺기 네이버 채널에서 한국일보를 구독하세요 ⓒ 한국일보 무단 전재 및 재배포 금지 "
"40"," 재판관 의견 마트 근로자 건강권 확보도 공익 조용호 재판관 소수의견 공정한 경쟁 막고 직업수행 자유 침해 종로구 헌법재판소 앞에서 열린 기자회견 사진  대형마트가 새벽 영업을 못 하도록 하고 한 달에 이틀 이상 의무적으로 휴업하도록 한 유통산업 발전법이 헌법에 어긋나지 않는다는 헌법재판소의 결정이 나왔습니다 헌재는 오늘 일 이마트 등 대형마트 곳이 유통산업 발전법 조의 ∼ 항이 헌법에 어긋난다며 낸 헌법소원 사건에서 재판관 대 의견으로 합헌 결정했습니다 년 월 시행된 유통발전법 조의 는 지자체장이 오전 시부터 오전 시까지 대형마트의 영업시간을 제한할 수 있도록 하고 매월 이틀을 의무휴업일로 지정할 수 있도록 규정하고 있습니다 마트 직원에게 휴식을 보장하고 전통시장과 중소 상인들을 보호한다는 취지로 도입됐습니다 인천 중구청과 부천시 청주시는 이 규정을 근거로 년 지역 내 대형마트에 오전 시부터 오전 시 또는 시까지 영업을 제한하는 동시에 매월 둘째 주와 넷째 주를 의무휴업일로 지정했고 대형마트 측은 헌법소원을 냈습니다 헌재는 강한 자본력을 가진 소수 대형 유통업체 등의 독과점에 의한 유통시장 거래질서 왜곡을 방지하고 건전한 유통질서를 확립하는 것을 입법 목적으로 한다 며 헌법에 규정된 경제영역에서의 국가목표 등을 구체화한 공익으로 정당성이 인정된다 고 판단했습니다 또 해당 조항으로 전통시장 등의 매출 증대에 실제 효과가 거의 없거나 미미하다고 단정할 만한 자료는 없다 며 대형마트 등의 경제적 손실과 소비자의 불편 등도 생길 수 있으나 입법 목적 달성을 위해 필요 최소한 범위에 그치고 있다 고 봤습니다 아울러 대형 유통업체에 종사하는 근로자의 건강권 확보 또한 국가의 보호의무가 인정되는 공익 이라고 밝혔습니다 다만 조용호 재판관은 이 조항에 대해 경쟁의 촉진이 아닌 경쟁자를 보호하기 위한 경제적 규제 라며 그 자체로서 자유롭고 공정한 경쟁을 불가능하게 하고 자유시장 경제 질서의 근간을 흔드는 것 이라며 반대의견을 냈습니다 조 재판관은 대형마트 등 운영자의 직업수행 자유를 상당 부분 제한해 그들의 매출액 감소를 초래한다 며 해당 조항으로 달성할 수 있는 공익인 전통시장 등의 보호 효과는 거의 없거나 있다고 하더라도 미미한 데 비해 제한 침해되는 공익은 월등하게 크다 고 밝혔습니다  팀 ⓒ 무단전재 및 재배포 금지 "
"41"," 강원영동 전영래 기자 최근 서퍼들에게 인기를 얻고 있는 양양 죽도해변 사진 강원도환동해본부 제공 강원 동해안 해수욕장이 다음달 일 개장해 본격적인 여름시즌에 나선다 일 강원도 환동해본부에 따르면 강릉 동해 삼척 속초 고성 양양 등 동해안 지역 개 해수욕장이 다음달 일부터 월 일까지 일 동안 운영된다 특히 올해는 개통 등의 접근성 개선 등으로 운영 목표를 관광객 만 명 달성과 함께 안전사고 제로로 정했다 입수 시간은 오전 시 오후 시까지로 제한되고 이 시간에는 해변에 안전요원이 배치된다 우선 강릉은 피서객 안전을 위해 경포해수욕장에서 추진하던 드론 해상 인명구조대를 지난해에 이어 올해도 운영한다 강릉 경포해수욕장에서는 강릉국제청소년예술축전 월 일 경포 썸머 페스티벌 월 일 월 일 블랙이글에어쇼 공연 월 일 등의 행사 축제가 펼쳐진다 주문진해수욕장 축제도 월 일 개최된다 강릉 경포해변 사진 강원도환동해본부 제공 동해 망상해수욕장에서는 그린플러그드 동해 월 일 와 전국남여 비치발리볼대회 월 일 전국대학복싱동아리선수권대회 월 일 등의 축제와 대회가 진행된다 삼척은 피서객이 쉬어갈 수 있도록 데크나 비치 베드를 조성한 힐링 해수욕장을 선보이며 피서객들의 발길을 유혹한다 삼척해변에서는 삼척비치 썸 페스티벌 월 일 이 열리고 맹방에서는 해변 조개잡이 축제가 덕산에서는 해변 파도가요제도 개최될 예정이다 속초 해수욕장에서는 속초썸머브레이크 월 일 과 제 회 전국해양스포츠 제전 월 일 이 열려 피서객들에게 색드른 추억을 선사한다 속초 해수욕장에서는 속초썸머브레이크 월 일 제 회 전국해양스포츠 제전 월 일 이 삼척 해수욕장에서는 삼척비치 썸 페스티벌 월 월 일 중 일 이 열린다 고성지역은 삼포 해수욕장에서 미드나잇 서핑 뮤직 페스티벌 월 일 이 열리는 것을 비롯해 각 해수욕장 별로 오징어맨손잡기와 투명카누 등의 체험행사도 마련한다 양양은 낙산 해수욕장의 낙산비치페스티벌 월 일 하조대 해수욕장에서는 하조대비치페스티벌 월 일 이 각각 진행된다 양양 죽도 하조대 해수욕장은 서퍼 비치로 운영된다 환동해본부 관계자는 올해 관광객 만 명을 유치해 지역경제를 활성화할 수 있도록 준비에 만전을 기하고 있다 며 개통 등으로 동해안으로 오는 교통 여건이 많이 개선된 만큼 목표를 달성할 수 있을 것으로 기대한다 고 말했다 이시각   기자와 카톡 채팅하기   영상 구독하기 저작권자   무단전재 및 재배포 금지 "
"42"," 도정 슬로건 및 방침 전 지사인 이낙연 총리 때와 유사 광주 김형로 기자 김영록 전남지사 당선인 전남 도정 업무 보고 받아 사진 김 당선인 측 제공 김영록 전라남도 지사 당선인이 민선 기 도정 슬로건 등을 제시했으나 국무총리로 영전한 전임 지사 시절의 슬로건을 그대로 제시해 취임 전부터 전임 지사의 코스프레 흉내 내기 를 하고 있는 것은 아닌지 의구심이 들게 하고 있다 김 당선인 측은 일 전남 도정 목표를 내 삶이 바뀌는 전남 행복 시대 로 정하고 도정 대 방침 가운데 슬로건을 생명의 땅 으뜸 전남 으로 정했다고 밝혔다 그러나 생명의 땅 이라는 도정 슬로건은 민선 기인 년 전에 국무총리로 영전한 전임 이낙연 지사가 제시한 것이어서 김 당선인이 전임 지사 코스프레 를 하면서 준비안 된 도지사 당선인의 모습을 여실히 보여줬다는 지적을 받고 있다 특히 김 당선인은 도정 대 방침 중 활력있는 일자리 경제의 세부 목표로 젊은이가 돌아오는 전남 실현 을 제시했는데 이 또한 베끼기 논란을 초래하고 있다 이 세부 목표도 이낙연 전 지사 때 민선 기 슬로건으로 제시했던 청년이 돌아오는 전남 을 살짝 변형한 것이어서 사실상 김 당선인이 전 지사의 도정 방침을 답습한 데 그친 것 아니냐 는 지적을 받고 있다 지역 정치권에서는 김 당선인이 얼마나 준비가 없었으면 전 지사의 도정 슬로건 및 세부 사항을 베끼는 데 그치겠느냐 며 취임하기도 전에 앞으로 년 동안 전남 도정이 어디로 갈지 걱정스럽다는 반응을 보였다 한편 김 당선인 측 인수위 격인 취임준비기획단 이건철 기획단장은 일 브리핑을 통해 민선 기 전남도지사 김영록 호 의 전남도정 방향을 설명했다 이 단장은 민선 기 도정 목표를 내 삶이 바뀌는 전남 행복시대 로 정했다고 밝혔다 이 단장은 도정 목표를 뒷받침하는 대 도정 방침으로는 활력 있는 일자리 경제 오감만족 문화관광 살고 싶은 농산어촌 감동 주는 맞춤 복지 그리고 소통하는 혁신 도정이 확정됐다고 덧붙였다 우선 활력 있는 일자리 경제를 실천하는 전략으로 빛가람 혁신도시 활성 본격 추진 첨단 신산업의 전략적 육성을 통한 전남의 미래 성장 동력 확충 지역 발전을 위한 핵심 확충 청년에 대한 실효성 있는 지원을 통해 젊은이가 돌아오는 전남 실현 등이 제시됐다 오감 만족 문화관광은 관광객 유치기반 확충을 통한 관광객 천만 명 시대 달성 세계적 서남해안 관광휴양벨트 구축 미래 천 년을 준비하는 문화예술 활성 등이 제시됐다 살고 싶은 농산어촌은 대한민국 스마트 농업 번지 전남 실현 첨단 고소득 수산업 기반 확충 에코 전남 프로젝트 추진 등이 제시됐다 감동주는 맞춤 복지는 따뜻한 공동체 전남 실현 우리 아이 건강하고 안전한 교육환경 조성 아이 좋아 엄마 좋아 편한 전남 만들기 어른신의 안정적 노후생활 보장 등이 구체적 실천 전략으로 제안됐다 소통하는 혁신 도정을 위한 전략으로 혁신 인재양성 프로젝트 추진 도민 제일주의 행정 구현 청렴한 전남도정 실현 등이다 또 슬로건은 생명의 땅 으뜸 전남 으로 정해졌다 이건철 단장은 공약 추진 보고회를 통해 논의된 민선 기 주요 사업에 대한 자문위원회 보고서는 취임 직후 나올 것 이라며 자문위원들의 의견을 총집약해 각종 공약 사업에 대한 더 구체적 실현 방안을 담겠다 고 말했다 한편 김 당선인 측 관계자는 전임 지사 코스프레 지적에 대해 전임 지사의 좋은 점은 지속해서 계승하는 게 맞지 않냐 고 해명했다 이시각   기자와 카톡 채팅하기   영상 구독하기 저작권자   무단전재 및 재배포 금지 "
"43"," 오늘 일 아침 필리핀 동쪽 먼 해상에서 발달하고 있는 소용돌이 구름이 인공위성에 포착됐다 아침까지만 해도 중심에서의 최대 풍속이 초속 를 밑도는 약한 소용돌이에 불과했지만 오전 시쯤 최대 풍속이 초속 를 넘어서면서 열대저압부 중심 풍속 미만 로 발달했다 태풍의 씨앗이 생긴 것이다 일 시 분 구름 사진 필리핀 동쪽에 소용돌이 구름인 열대저압부가 발달하고 있고 한반도 부근에는 동서로 장마 구름이 덮여 있다 자료 기상청 아직은 작고 약한 저기압에 불과한 열대저압부지만 관심을 갖는 것은 앞으로 점점 강하게 발달하면서 북상할 가능성이 크기 때문이다 특히 태풍으로 발달할 가능성도 배제할 수 없고 아직 진로가 매우 유동적이지만 한반도에 영향을 줄 가능성도 배제할 수 없기 때문이다 기상청은 아직 불확실한 점이 있지만 이 열대저압부가 뜨거운 바다를 통과하면서 이르면 내일 일 이나 모레 일 쯤에는 태풍으로 발달할 가능성이 있는 것으로 보고 있다 보통 중심 부근 풍속이 초속 이상일 경우 전체를 태풍이라고 부르는데 세계기상기구는 태풍의 경우를 다시 열대폭풍 강한 열대폭퐁 태풍 로 나눠 부르기도 한다 아래 표 참고 태풍 중심 부근 최대풍속과 태풍의 명칭 자료 기상청 특히 기상청은 아직은 진로가 매우 유동적이지만 이 열대저압부가 태풍으로 발달한 뒤 한반도 부근으로 북상할 가능성도 있는 것으로 보고 있다 현재 이 열대저압부 오른쪽 동쪽 인 북서태평양에는 크고 강하게 발달한 고기압이 있는데 이 북태평양 고기압이 태풍 또는 열대저압부 이 동쪽으로 이동하는 것을 막고 있기 때문에 이 저기압이 계속해서 한반도 부근으로 북상할 가능성이 있는 것이다 기상청은 여러 시나리오 가운데 하나지만 열대저압부가 태풍으로 발달할 경우 내일이나 모레 태풍의 위치는 타이완 동쪽 제주도 남쪽 먼 해상이 될 가능성이 큰 것으로 보고 있다 특히 이후에도 태풍의 동쪽 오른쪽 을 벽처럼 막고 있는 북태평양 고기압 때문에 일본 쪽으로 진행하지 못하고 계속해서 제주도 부근으로 북상할 가능성이 큰 것으로 기상청은 조심스럽게 예상하고 있다 기상청은 다만 열대저압부가 일시적으로 태풍으로 발달하더라도 한반도 부근까지 북상할 때는 다시 열대저압부로 약해지거나 빠를 경우 온대저기압으로 변질돼 소멸될 가능성도 있는 것으로 보고 있다 한반도 부근으로 올라올수록 태풍 발생지역에 비해 바닷물이 차가워 에너지를 제대로 얻을 수 없는데다 상공에는 차고 건조한 공기도 있어 태풍의 형태를 제대로 유지하기 어려울 수 있기 때문이다 하지만 문제는 현재 한반도 부근에는 장마전선이 있다는 것이다 태풍이 북상할 경우 일시적으로 남부지방에 있는 장마전선을 중부지방이나 북한지방으로 밀어 올릴 가능성도 있지만 나중에는 결국 한반도 부근에서 장마전선과 태풍이 합쳐질 가능성이 크다 장마전선이 갖고 있는 엄청난 양의 수증기에 태풍이 갖고 올라온 많은 양의 수증기가 더해지는 것이다 호랑이가 죽어 가죽을 남기듯이 태풍이 비록 약해지거나 소멸한다 하더라도 많은 양의 수증기를 남기게 되고 이것이 장마전선과 합쳐져 한반도 부근에 많은 양의 뿌릴 가능성이 높아지는 것이다 기상청은 토요일인 모레 일 장마전선이 중부지방까지 북상하면서 아침부터 전국에 비가 오겠고 충청과 남부지방에는 많은 비가 내릴 것으로 예보했다 또 오는 일요일 일 에도 전국에 비가 이어지는 가운데 중부와 서해안을 중심으로 최고 가 넘는 큰 비가 내릴 것으로 내다봤다 특히 일 월 에는 열대저압부가 북상하면서 장마전선을 다시 활성화시켜 전국적으로 많은 비가 내릴 것으로 기상청은 전망했다 이번 주말부터 다음 주 초까지는 무엇보다도 많은 비와 강한 바람에 대한 철저한 대비가 필요해 보인다 장마나 태풍 자체를 막을 수는 없지만 피해는 얼마든지 줄일 수 있다 안영인 기자 ☞ 박지성과 다시 뜨겁게 러시아월드컵 최신 경기 하이라이트 영상 보러가기 ☞ 김동식 포럼 김동식 작가 신작 단독 연재 바로 가기 ⓒ 무단복제 및 재배포 금지 "
"44"," 전 시장 때 없앤 시장 관사 부활 추진에 비판 여론 광주 김삼헌기자 정의당 광주시당은 광주시가 이용섭 광주시장 당선인의 요청에 의해 민선 기에 없앤 관사를 년 만에 부활하기로 한 것에 대해 강하게 비난했다 정의당 광주시당은 일 논평을 통해 관사는 전근이 잦은 임명직 공무원을 위한 관치시대의 산물로 지방자치 시대와는 걸맞지 않고 관할 행정구역이 상대적으로 넓은 광역 도 道 를 제외하고 광역시가운데 울산은 물론 광주보다 규모가 큰 대전과 인천시도 관사를 두지 않고 있다 고 주장했다 정의당 광주시당은 또 오거돈 부산시장 당선인은 관사를 시민에 개방하겠다고 밝힌 바 있고 양승조 충남지사 당선인도 관사를 쓰지 않겠다는 입장이고 자치단체마다 구시대 권위주의 산물이라며 이미 있던 관사를 주민 사랑방이나 어린이도서관 게스트하우스 등 주민 편익시설로 용도 전환하거나 아예 폐지하고 있는 상황에서 광주만 거꾸로 가고 있는 것이다 고 비난했다 정의당 광주시당은 광주시가 이용섭 당선인 소유의 집이 없고 현재 이용섭 당선인이 사는 광산구 첨단지구 집이 시청과 멀기때문에 업무효율성 차원에서 필요하다고 해명한 것은 궁색한 변명에 불과하다 며 새로 관사계약을 체결한 서구 매월동이나 광산구 첨단이나 출퇴근에 얼마나 차이가 있는지 의문스럽다 고 반박했다 정의당 광주시당은 특히 자가 自家 가 없어 관사를 구입해야 하겠다는 것은 시민혈세를 우습게 보는 발상이자 과거 권의주의 시대에나 있을 법한 구태다 며 자가이든 전세든 필요하면 본인이 구하면 되는 것이지 그 불편을 시민 혈세로 대체하겠다는 것이다 고 꼬집었다 정의당 광주시당은 관사 부활은 반칙과 특권을 없애자는 촛불민심에도 배치되는 것일 뿐 아니라 만 광주시민들의 정서에도 반하는 것이다 며 광주시민들과 동고동락 同苦同樂 하겠다는 자세라면 시작부터 시민혈세로 관사를 찾을 것이 아니라 전셋집 대신 이용섭 당선인 본인 자가를 구해 광주에 등기하는 모습에서부터 일신하는 자세를 보여야 한다 고 촉구했다 이시각   기자와 카톡 채팅하기   영상 구독하기 저작권자   무단전재 및 재배포 금지 "
"45"," 노동계 빠진 전원회의 법정시한 넘길듯한국노총 복귀 결정했지만 내부 조율로 향후 참석 일 오후 서울 중구 메트로타워 직업능력심사평가원에서 열린 제 차 최저임금위원회 전원회의에서 류장수 위원장이 의사봉을 두드리고 있다 뉴스 송원영 기자 세종 뉴스 박정환 기자 최저임금 결정의 법정 심의기한인 일 최저임금위원회 회의가 열렸으나 노동계는 여전히 출석하지 않았다 이로써 법정 심의기한은 내년 최저임금 초안도 꺼내들지 못한 채 그대로 넘길 것으로 보인다 복귀 결정을 내렸던 한국노총은 근로자위원들과의 조율을 위해 일단 이번 회의는 참석하지 않았다 노동계가 참석하는 최저임금위 회의는 다음주에 열릴 것으로 관측된다 최저임금위원회는 이날 오후 서울 중구 직업능력심사평가원에서 내년도 최저임금 심의를 위한 네번째 전원회의를 개최했다 이날 회의는 노동계가 빠진 가운데 공익위원 명 사용자위원 명 등 총 명의 위원이 참석했다 앞서 최저임금위는 지난 일과 일 일 전원회의를 열었으나 노동계의 불참으로 반쪽에 그친 바 있다 류장수 최저임금위원장은 한국노총에서 최저임금위를 참석하는 것으로 결정했다는 소식을 들었다 며 오늘 회의를 참석했으면 좋았겠지만 내부 조율이 필요한 것 같고 다음주 첫 회의는 반드시 참석할 것으로 생각한다 고 말했다 사용자위원인 이동응 한국경영자총협회 전무는 오늘이 법정시한 마지막 날로 알고 있는데 제대로 시작도 못한 것에 안타깝게 생각한다 며 축구는 이미 끝났는데 최저임금위는 시작도 못했다 집중적으로 심도있게 논의해야 한다 고 강조했다 앞서 한국노총은 전날 일 중앙집행위원회를 개최해 최저임금위 복귀 결정을 내렸다 더불어민주당과 최저임금 제도개선과 관련한 정책합의를 맺으면서다 하지만 이날 회의는 참석하지 않았다 한국노총은 이날 성명을 통해 양대노총을 비롯한 노동자위원들간의 연대와 공조를 위해 오늘 전원회의는 참여하지 않지만 온전한 최저임금 만원의 조속한 실현을 위해 무거운 책임감을 가지고 향후 협상에서 최선을 다할 것 이라고 밝혔다 민주노총은 여전히 불참의 뜻을 밝히고 있다 민주노총은 전날 성명을 통해 한국노총 복귀결정이 안타깝고 유감스럽다 며 산입범위 확대 제도개악으로 의미가 퇴색된 최저임금위 불참 입장을 유지할 것 이라고 밝혔다 법정 심의기한은 이날까지지만 최저임금법상 고용노동부 장관 최종 확정고시일 월 일 까지 최저임금을 결정하면 법적 효력을 갖는다 법정 심의기한을 넘기는 것은 이번이 처음은 아니다 최저임금위가 출범한 년부터 지난해까지 년간 법정시한을 지킨 경우는 년과 년으로 총 번뿐이다 지난해에도 월 일에 내년도 최저임금이 결정되는 등 늦으면 월 중순까지 협상이 이어지곤 했다 류장수 위원장은 아쉬운 것은 민주노총의 참석에 대한 답이 들리지 않는 것 이라며 이 문제를 해결해서 다음주에는 완전체 회의가 될 수 있기를 기대하고 월 일까지 최저임금 심의 일정은 반드시 지키겠다 고 강조했다 류장수 최저임금위원회 위원장이 일 오후 서울 중구 메트로타워 직업능력심사평가원에서 열린 제 차 최저임금위원회 전원회의에 참석 하고 있다 뉴스 송원영 기자 뉴스 채널설정하기 제보하기 러시아 월드컵 기사보기 뉴스 코리아 무단 전재 및 재배포 금지 "
"46"," 여호와의 증인 신도인 송인호씨 는 년 전 병역거부로 년 월형을 선고받고 법정구속됐다 항소를 기각한 판사 앞에서 그는 남들이 뭐라고 하든 성경의 가르침대로 이웃을 사랑하고 평화로운 사람이 되기 위해 힘써온 내 삶은 절대로 유죄가 아니다 라고 말했다 송씨에게 병역을 거부한 이후의 삶은 순탄치 않았다 대학 년을 전액 장학금으로 다녔고 재학 중 외국 정부의 초청을 받아 유학생으로 공부했지만 전과자 낙인에선 벗어날 수 없었다 출소 후 여개 기업에 입사지원서를 넣었지만 번번이 떨어졌다 최종면접에서는 왜 군대 대신 감옥에 갔느냐 병역을 거부한 사람은 회사에 들어올 수 없다 는 얘기를 숱하게 들었다 송씨는 열심히 공부하고 노력해도 군대를 안 가 감옥살이를 한 것으로 인해 모든 꿈이 아스러져가는 모습을 보면서 저와 가족들 모두 고통받았다 고 말했다 송씨는 취업을 포기하고 전과기록을 묻지 않는 건설현장 등에서 일용직 아르바이트를 하며 생계를 이어가고 있다 하지만 그는 여전히 국제앰네스티 국가인권위원회 등을 오가며 병역거부자로서의 삶 을 증언하는 등 병역거부운동을 하고 있다 송씨는 병역거부자로서 사회의 불이익을 유산 으로 받는 지금의 상황은 우리 선에서 끝내야 하지 않겠냐 고 말했다 일 경향신문이 만난 양심적 병역거부자들은 종교와 신념에 따라 군 입대를 거부한 뒤 징역살이 사회적 비난 취업 거절 등을 경험하면서도 각자의 방식으로 저항하고 있었다 지난해까지 형사처벌을 받은 국내 병역거부자만 만여명에 이른다 이날 헌법재판소가 대체복무제를 명시하지 않는 병역법 조에 대해 헌법불합치 판결을 내린 것도 사실상 만여명에 이르는 병역거부자들이 만들어 낸 성과라는 평가를 받는다 여호와의 증인 신자인 백종건 변호사 도 년 월형을 살고 지난해 월 가석방됐다 백 변호사는 년 사법연수원 수료 후 입영을 거부 년 동안 법정싸움을 벌였다 그 사이 병역거부자 여명의 변론을 맡거나 돕는 등 병역거부운동에 깊숙이 관여했다 이날 헌재가 심리한 사건 건 중 건이 그가 변호사 자격을 박탈당하기 전까지 직간접적으로 관여했던 사건이다 이날 헌재 방청석에서 결정을 지켜본 그는 여호와의 증인 신자들은 청소년기에 장래희망을 포기하고 어차피 전과자가 될 텐데 대학에 가서 뭐하나 라는 생각을 가진 이들이 많다 며 국회가 대체복무제도를 하루빨리 마련해 일생을 감옥과 연결짓는 이들이 늘어나는 상황을 막아야 한다 고 말했다 그는 현재 형을 선고받고 년이 지나지 않았다는 이유로 대한변협으로부터 변호사 재등록을 거부당하고 법률사무소 사무 행정 등의 일을 하고 있다 년 오태양씨의 양심적 병역거부 선언 직후 이에 동참했던 대 활동가들도 이제 대 전후의 나이가 됐다 수학교사가 꿈이었던 나동혁씨 는 년 네 번째 병역거부 공개선언 이후 형을 살고 나와 비폭력 평화운동을 시작했다 서울 마포구의 한 사회적 협동조합 사무국장으로 일하면서 강제철거 현장에서 비폭력 저항운동을 벌이고 있다 년 경기 평택시의 한 초등학교 교사였던 김훈태씨 도 평화의 신념을 포기할 수 없고 교사로서 아이들에게 신념에 어긋나는 것을 가르칠 수 없다 는 이유로 입영을 거부한 후 감옥에 가면서 교사직을 잃었다 년 출소했지만 전과자 로 교직에 돌아갈 수 없었다 그는 현재 한 교육연구소의 대표직을 맡아 꾸준히 교육 분야를 연구하고 있다 김씨는 현직 교사들 중에도 병역거부에 대해 상담하는 이들이 있다 이들이 대체복무를 신청할 수 있는 기회가 마련되면 좋겠다 고 말했다 같은 동포에게 총을 겨눌 수 없다 며 년 병역을 거부한 유호근씨 는 한국 사회에서 수십년간 수만명에 달하는 병역거부 수감자들의 삶이 누적되면서 병역거부를 인정하고 대체복무를 마련하라는 목소리를 거부할 수 없는 시대가 왔다 며 헌재도 국회도 정부도 그 변화의 흐름을 막을 수 없다 고 말했다 이재덕 기자 경향신문 트위터 페이스북 인기 무료만화 보기 경향신문 무단전재 및 재배포 금지"
"47"," 정태건 평화이즈 총괄 본부장 가톨릭중앙의료원 산하 개 병원 시스템을 개발 운영한 노하우가 큰 경쟁력입니다 병원정보시스템 시장 진출로 년 내 매출 억원 달성과 데이터 플랫폼 기업으로 올라서는 게 목표입니다 정태건 평화이즈 총괄 본부장은 년 내 매출 세 배 증가와 데이터를 무기로 한 플랫폼 기업으로 체질전환을 핵심 목표로 제시했다 수익성이 떨어지는 단순 의료 시스템통합 사업을 지양하고 솔루션 중심으로 차 체질개선을 시도한다 자사 기반 데이터 생태계가 구축되면 다양한 솔루션 서비스를 연결한 플랫폼 비즈니스 기업으로 탈바꿈한다 정 본부장은 현재도 물리적으로 각종 의료 정보를 관리하지만 사업이나 연구에 활용할 수준으로 가공하지는 못했다 면서 표준 확산이라는 정부 정책 기조에 맞춰 평화이즈 앤유 솔루션을 중심으로 한 데이터 생태계를 구축하고 비즈니스에 접목하겠다 고 말했다 가톨릭중앙의료원 의료 자회사인 평화이즈는 최근 대외사업을 선언했다 의료원 산하 병원의 시스템 개발 관리 업무를 담당했지만 중대형 병원까지 자사 솔루션을 공급한다 중심에 앤유 이 있다 년 개발한 앤유 버전을 중대형 병원에 맞춰 모듈화 경량화했다 평화이즈는 버전으로 년 대외사업을 진행했다 대구가톨릭대학교병원 대구파티마병원 국립교통재활병원 등 일부 병원에 공급했다 당시 앤유 을 기반으로 했지만 병원 환경에 맞춘 사업 성격이었다 구축 후 유지관리 없이 바로 철수해 지속적 사업으로 이어지지 못했다 버전 개발과 함께 유지보수 업무까지 맡는 대외사업을 본격 추진한다 정 본부장은 년 대외사업 기 시점에서는 단순 성격이 강해 우리가 강점을 보인 유지보수 역량과 후속사업으로 이어지는 연속성을 확보하지 못했다 면서 당시 축적한 경험을 바탕으로 기 대외사업에서는 중대형 병원에 맞춘 버전과 여명이 넘는 전문 유지보수 인력을 통해 법 규정 고시 최신 기술 동향 등을 파악해 민첩하게 시스템 고도화를 지원할 것 이라고 말했다 평화이즈가 주력하는 시장은 중형병원 시장이다 대형병원은 대부분 자체 시스템을 개발해 적용한다 종합병원급 중형병원은 패키지 솔루션 수요가 높다 최근 건강보험보장성 강화 등 병원 수익이 떨어지면서 경영 관점에서 등 시스템 도입을 고려한다 중형병원이 놓치기 쉬운 수가보전 의료 질 평가 등을 중점 지원해 경쟁력으로 내세웠다 최근 안동성소병원 에이치플러스양지병원 등을 고객사로 확보했다 그는 과거 시스템 도입을 비용으로 인식하던 중형병원이 수가 보전 정부 고시 반영 의료 질 관리 등 경영관리를 위해 투자로 이해하기 시작했다 면서 지출이 아닌 비용절감과 수익창출을 위한 필수항목으로 고려하면서 앤유 경쟁력이 더 올라간다 고 말했다 국내 종합병원급 중형병원은 여곳이다 최초 곳 확보를 목표로 한다 작년 억원 매출에서 올해 억원 돌파를 예상한다 년 내에는 억원까지 늘린다 궁극적으로 데이터 플랫폼 기업으로 거듭난다 는 임상 진료 데이터가 만들어지고 저장되는 핵심 창구다 앤유 도입이 확산되면 표준화된 데이터 수집이 가능하다 자사 솔루션 중심 생태계를 구축하고 표준화된 데이터를 활용해 연구 비즈니스가 가능하다 정 본부장은 의료 빅데이터 활용을 위해 정부는 물론 병원도 표준화된 활용을 검토한다 면서 앤유 확산으로 표준화된 정보 활용 기반을 마련하고 국내 최대 규모인 가톨릭의료원 의료 빅데이터를 결합한다면 연구 사업 전 영역에 큰 기회가 된다 고 말했다 이어 년 내 앤유 중심 데이터 생태계를 구축해 환자에게 고도화된 의료 서비스를 제공하고 다양한 헬스케어 기업과 데이터를 매개로 비즈니스 창출을 지원하는 플랫폼 기업이 되겠다 고 덧붙였다 전자신문 정용철 의료 바이오 전문기자 토큰 이코노미 빅뱅 전자신문 바로가기 ⓒ 전자신문 전자신문인터넷 무단전재 및 재배포 금지 "
"48"," 이미지 환경부박근혜 정부가 국제사회의 요구에 따라 온실가스 감축계획을 내놓으면서 억지로 끼워맞춘 국외감축 목표치를 수정해 국내에서 온실가스 배출량을 줄여나가기로 정부가 방침을 정했다 정부는 일 국가 온실가스 감축 기본로드맵 수정안을 공개했다 전 정부의 로드맵에 나와 있는 국외감축량 을 줄이고 국내감축량을 늘린 것이 핵심이다 기후변화 대응 의지가 약하다는 비판을 받은 이전 로드맵보다는 진전됐지만 문재인 정부가 미세먼지 감축과 에너지전환 정책 을 국정과제로 제시한 것 치고는 미흡하다는 비판도 나온다 년 파리 기후변화총회를 앞두고 박근혜 정부는 년까지 온실가스 배출전망치 감축 노력을 하지 않을 때 예상되는 배출량 억 만 에서 억 만 을 줄이겠다고 발표했다 당시 정부는 해외에서 온실가스 배출권을 사들이는 식으로 감축목표의 분의 인 만 을 국외에서 감축하겠다고 밝혔다 하지만 세계 위 온실가스 배출국인 한국의 대응으로는 안일한데다 국외감축의 실효성이 없다는 비판이 많았다 수정된 로드맵은 감축후 배출량 목표는 억 만 으로 그대로 두되 국외감출량의 절반 이상을 국내에서 채우게 했다 그러기 위해 사회 전반에서 에너지 효율을 높이고 노후시설을 개선한다 미세먼지저감종합대책에 담긴 노후 석탄발전소 조기폐쇄 조치 전력수요관리를 강화한 제 차 전력수급 계획을 반영해 감축분을 늘린다 산업부문에서는 에너지 이용 효율을 끌어올리고 공정개선을 추진한다 건축물은 신규 허가기준을 강화하고 기존 건축물의 그린리모델링 재생에너지 보급을 활성화한다 년까지 전기차를 만대 보급하고 자동차 연비기준도 높인다 선박 항공기 연료효율을 개선하고 폐기물도 줄인다 그렇게 되면 감축목표 중 를 국내에서 해결할 수 있다는 계산이 나온다 는 여전히 남는다 정부는 남북협력사업을 통해 추가로 감축하는 방안을 추진하기로 했다 국내의 산림을 활용해 온실가스 만 을 줄이는 방안도 준비한다 그러고도 달성하지 못하는 감축량은 올 연말 마무리될 국제사회의 후속 합의에 따라 구체적인 방법을 마련할 계획이다 그래픽 환경부국외감축량 논란은 년 전으로 거슬러 올라간다 저탄소 녹색성장 을 내세운 이명박 정부는 당시 한국이 온실가스 감축의무가 없는 나라였는데도 년까지 배출량을 억 만 으로 줄이겠다고 해 찬사를 받았다 하지만 박근혜 정부로 넘어가던 년 월 산업통상자원부는 석탄화력발전소 기를 새로 짓겠다고 발표했다 이 계획으로 늘어나는 온실가스 배출량만 약 억 으로 추정됐다 교토의정서 체제가 끝나고 한국도 온실가스 감축 의무국이 되자 박근혜 정부는 파리 회의를 앞두고 이전 목표에서 후퇴한 시나리오를 공개했다 이튿날 새 기후변화 대응체제를 주도하던 버락 오바마 당시 미국 대통령이 박 대통령에게 직접 전화해 한국이 최대한 야심찬 목표를 제시 해달라고 당부했다 청와대 서별관회의가 급히 열렸고 감축 목표가 갑자기 상향됐다 그래서 탄생한 궁여지책이 해외배출권을 사들여 억 정도를 줄이자는 계획이었다 국회예산정책처에 따르면 년부터 년 동안 이 목표에 맞춰 해외배출권을 조달하기 위해 해마다 국민 세금 조 조원을 써야 한다 환경단체들은 적극적인 자체 감축과 함께 발전업계에 부담을 지워야 한다고 요구했다 전 정부의 실효성 없는 계획을 수정하기는 했지만 고쳐진 로드맵도 모호하기는 마찬가지다 기존 환경규제계획을 온실가스 배출량과 연결짓고 남북협력까지 집어넣어 숫자를 맞췄다는 인상을 피할 수 없다 양이원영 환경운동연합 처장은 노력한 의지는 보이지만 실효성은 의심스럽다 면서 기재부 산업부 국토부 농림부 등 범정부적으로 애써야 하는 글로벌 이슈인데 현재로선 목표를 달성하기가 쉽지 않아 보인다 고 말했다 그린피스는 정부가 석탄발전소 감축 같은 핵심 방안은 회피하고 또 다시 불확실한 감축수단을 앞세웠다 면서 기존 로드맵을 약간 손질하는 수준으로는 지구적 기후변화 대응에 무임승차한다는 비판을 벗어나기 어려울 것 이라고 비판했다 정부는 로드맵 수정안에 대한 각계의 의견을 듣고 월 중 수정을 완료할 계획이다 배문규 기자 경향신문 트위터 페이스북 인기 무료만화 보기 경향신문 무단전재 및 재배포 금지"
"49"," 한국농어촌공사 최규성 사장은 공사를 농어촌 공동체의 유지 발전에 기여할 수 있도록 사업과 조직을 점진적으로 개편을 추진한다 지난 월 말 취임한 최 사장은 공사의 新 경영방향으로 농어촌의 사회적 가치 실현 등 공공의 이익을 최우선의 기업가치로 설정하고 그동안 전국 현장을 방문 지역주민과 지자체 공무원 등과 소통의 자리를 가진 바 있다 현장의 주요 의견으로는 농어촌지역이 고령화와 공동화로 어려움에 직면해 있는 만큼 지역 숙원사업 발굴 지역과 소통 공감할 수 있는 창구 마련 주력사업에 대한 서비스 질 개선 등이다 이에 따라 공사는 일자로 지부로 축소된 개의 지방조직을 지사로 전환 격상하게 된다 이를 통해 공사는 지자체 유관기관과 협업하여 실질적으로 지역에 필요한 사업 발굴과 지역공동체가 존속 발전하는데 기여하는 공공기관으로서의 실행력을 강화할 계획이다 ━ 전국 총 개 지사 <U+279C> 개 지사로 일 부로 확대 개편 또한 사회적 가치 실현 과정에 국민이 함께 참여 공감 체감할 수 있도록 지난 월 사회적가치추진단 을 신설했다 기존 사업도 농어촌의 공익적 가치 국토 균형발전 기후변화로 인한 재난 등 대응에 적합한 구조로 변화하기 위해 개혁위원회 월 와 사장 직할의 준공점검 전담부서 월 를 운영 중에 있다 기후변화 지진 등 재난에도 농민이 편하게 농사짓고 국민을 안전하게 지키기 위해 기존 사업 추진 패러다임도 전환한다 물길잇기 과학적 물관리 추진 내진보강 대상 저수지 중 미보강된 개소에 대한 연내 추진 등이다 농업구조변화에 대응한 미래형 생산기반에 대한 시범사업도 추진한다 식량안보적 측면을 고려하면서도 지역별 생산기반정비 수요에 부응하기 위해 논밭겸용이 가능한 농지범용화 시범사업 개소 시설작물 등 고품질 생산지원을 위한 맑은물공급사업 개소 이 추진된다 아울러 수출전문 스마트팜단지를 조성하고 년까지 새만금 농생명용지 를 첨단 친환경 생태관광 등 다양한 용도로 개발한다 농지를 활용하여 사람이 돌아오고 미래가 있는 농촌 만들기에도 기여한다는 계획이다 공사는 농민의 성장단계별 진입 →성장 →전업농 초과 →은퇴농 맞춤형 지원체계를 구축했다 이를 통해 올해 농지은행을 통한 지원면적 천 의 약 인 약 백 를 세대에 지원하고 경영위기 농가에 예산과 컨설팅 지원으로 재기의 기회를 부여하는 한편 고령농의 안정적인 노후생활을 위한 농지연금사업도 확대해 나가고 있다 이밖에도 세계 식량 에너지 물시장에 민간기업과 동반진출 도시와 농어촌간 교류확대 마을 컨설팅과 사후 점검 등이 실시되고 있으며 특히 공사 관리 농업기반시설을 활용한 재생에너지사업 추진으로 국가 에너지 정책에 기여하고 낙후된 농어촌지역의 내순환경제 활성화에도 앞장선다 온라인 중앙일보 중앙일보 홈페이지 페이스북 친구추가 이슈를 쉽게 정리해주는 썰리 ⓒ중앙일보 무단 전재 및 재배포 금지 "
"50"," 수영장 가는 날 정글북 뉴트의 마법 가방 서울   임미나 기자 ▲ 내가 김소연진아일 동안 마당을 나온 암탉 으로 유명한 황선미 작가의 신작 동화 출판사 측이 한중 공동 프로젝트로 기획한 동화 시리즈 세 번째 책이다 작가가 어린이 주변을 둘러싼 인간관계를 다룬 동화를 쓰고 이보연 아동심리 전문가가 상담을 덧붙이는 관계 동화 시리즈다 이번 작품은 선생님과 어린 학생들의 관계를 다뤘다 선생님은 주인공 진아 에게 학교생활에 적응이 더딘 소연 이의 도우미 역할을 해달라고 부탁한다 내성적이고 소심한 진아는 자신이 없지만 선생님의 부탁을 차마 거절하지 못한다 하지만 도우미 임무는 만만치가 않고 반 아이들에게 김소연진아 라는 별명으로 불리며 더 부담을 느낀다 진아는 누구에게도 속마음을 터놓을 수 없어 일기장에만 힘든 마음을 써내려가고 평소 동경하던 선생님마저 미워지기 시작한다 박진아 그림 스콜라 쪽 만 천원 ▲ 숨바꼭질 김정선 작가의 그림책 아이들 눈으로 본 한국전쟁 풍경을 그린다 한 마을에 이름이 똑같은 두 소녀가 있다 한 아이는 양조장 집 박순득이고 한 아이는 자전거포 집 이순득이다 늘 같이 다니는 두 아이는 어느 날 새벽 영문도 모른 채 헤어지게 된다 전쟁이 터지고 피난이 시작된 것이다 작가는 아이들의 상황을 숨바꼭질 놀이에 비유한다 꼭꼭 숨어라 머리카락 보일라 노랫말에 맞춰 엇갈린 운명을 보여준다 이야기 배경은 피난촌을 거쳐 다시 고향으로 돌아온다 전쟁 이후 고향은 모든 것이 예전 같지 않다 자전거포는 무너지고 양조장도 무너졌다 친구도 보이지 않는다 전쟁이 남긴 아련한 슬픔을 수채화풍의 아름다운 그림에 담았다 사계절 쪽 만 천원 ▲ 수영장 가는 날 볼로냐 라가치상을 받은 작가 염혜원의 신작 그림책 주인공 여자아이가 수영을 배우기 시작하면서 느끼는 두려움과 그것을 극복하고 마침내 수영 수업을 즐기게 되는 과정을 그렸다 수영장에 간 첫날 느낀 절망적인 기분부터 드디어 물 위에 떴을 때의 기쁨까지 주인공이 여러 상황에서 느끼는 다양한 감정을 생생하게 보여준다 화면을 가득 채우는 수영장의 푸른 물과 원색 수영복들에서 작가 특유의 맑고 상쾌한 색감이 빛을 발한다 창비 쪽 만 천원 ▲ 가장 완전하게 다시 만든 정글북 어린이문학의 고전 정글북 을 영국 맥밀런 출판사와 공동 제작한 특별판 초판본 내용을 조금도 손대지 않고 스튜어트 트레실리언의 오리지널 삽화와 작가 키플링의 아버지인 존 록우드 키플링의 그림을 새롭게 재해석한 컬러 삽화를 넣었다 정글북 의 탄생 비화 키플링의 작품 세계 희귀한 사진 자료를 총망라한 부록 정글북 이야기 도 수록했다 정회성 옮김 사파리 쪽 만 천원 ▲ 뉴트의 마법 가방 영화 신비한 동물사전 의 모든 것을 담은 안내서 마법 동물들을 뉴욕으로 데려와 한바탕 소동을 일으키는 주인공 뉴트 스캐맨더의 가방을 본떠 책을 디자인했다 뉴트 티나 제이콥 퀴니 등 주요 캐릭터 소개와 각 인물 의상 소품 정보 캐스팅 비화와 배우 제작진 인터뷰 세트 도면 스케치 스토리보드 마법 동물 초기 스케치 등 영화에 관련한 모든 정보가 풍부하고 다양한 사진 자료와 함께 담겼다 마크 솔즈베리 지음 장선하 옮김 문학수첩 쪽 만 천원 기사제보 및 문의 뉴스가 보여요   유튜브 러시아 월드컵의 모든 것 "
